Название;Активен
K274SBJYzg;Да
6E1kX8bOQ8;Да
ElYmDko8vK;Да
Wat937v6pP;Да
0Gsj4BP96Y;Да
DN30JPtxa5;Да
0BZLQl6S8u;Да
9DU0K4OGdb;Да
o2bLVYg96Y;Да
hQUTB59Y5M;Да
kTUwT6f4DR;Да
zeq2aY4aQ4;Да
t7ctEU93Jy;Да
7Akr95TnJ1;Да
VNywFjAj1v;Да
erY3Bugt5z;Да
js8MpswK73;Да
530p6N2S4O;Да
7D7axRWUtS;Да
kWOF75ONpr;Да
g3K2N85L1f;Да
s0UdonXEeV;Да
vwerKv5tZJ;Да
1S5GRSRvxf;Да
1T8C2LsCUP;Да
xD1xuEb6A2;Да
kAL84ychce;Да
8QNunZxo8H;Да
fMw7KZqk9V;Да
l25RH61KmV;Да
6z8SyPa5n8;Да
PcUhNL3SRX;Да
FP9ErNEd3V;Да
jE6K72vlYs;Да
4qK486FXGH;Да
r4hyhF405S;Да
2MHuFN253h;Да
s8q0vm30pq;Да
2Y3LVKh9l7;Да
aO24XM679e;Да
AGYcO1869u;Да
1lnwkJda9R;Да
Eaj14C5kc3;Да
W1m0K4sL6W;Да
gCGAuD8x42;Да
2QhPMB3jl4;Да
A46sny0a5m;Да
xu7jEUNLox;Да
tRN8Tl3RJl;Да
G6mc1sN7lq;Да
59fnxAOUO9;Да
0lK0YeWLwq;Да
aAC7bPnjVW;Да
CdA4rSlHGh;Да
H1rEtOw2cT;Да
3y3W1h150f;Да
xOFOYetD87;Да
p8stJe5T6f;Да
vjA8Ay5VRA;Да
XD67AF23nQ;Да
B70n4dSfFf;Да
lUF9ZX1A0O;Да
ozrhDFlX7j;Да
7cA5GoSJ93;Да
BQFr5q679W;Да
WXo2G8w3sS;Да
dhU31JshgK;Да
3z0bNHQ5Kb;Да
B0V79BzZdk;Да
xvTbglTqCs;Да
WJQf09MQ3J;Да
NsHnJcR6YD;Да
rObx8m8w40;Да
4uTyVZq82Q;Да
ve6x6rX02g;Да
G968fuZn4x;Да
Ox7n6egq8O;Да
TFpL1z4nt8;Да
stQE19Lf7e;Да
BtQ1e7UX4R;Да
fk1nK93n90;Да
qNkwf2caw3;Да
u8rd981RZl;Да
g0QSq6mcE3;Да
PXOjCq7615;Да
JwkHG13g2j;Да
mMW0G7fvpj;Да
yKNrtQbpa5;Да
Yb2A9ds4gj;Да
M93S0YmzVT;Да
eS92Wy5cY9;Да
7px7d9BbWF;Да
836n052wt5;Да
3E3uzR96jE;Да
r94a2sq7UA;Да
7y1c639SUw;Да
q5aQRwOXmT;Да
pnWqHov5uw;Да
5gjSyP7ZYX;Да
tXeuajn1Vk;Да
r9mz78c3P9;Да
pc6olt9G0b;Да
Fh4E6b2cTL;Да
T9mDa9jgJX;Да
1CakXWevp1;Да
T1c5lNBjSy;Да
7WJo9A1nS6;Да
03oYTGL0YH;Да
Au6MjDc0Sr;Да
alop5WZw9g;Да
J0XWBrJf1M;Да
HRB6s2XN4o;Да
J1crh73qD4;Да
S32e2F5WZR;Да
zeTQ5oejTO;Да
lDZgHnCufW;Да
KgTPAamg09;Да
w0vHlHOHtq;Да
6F5LzsadU6;Да
97wahA89Tl;Да
lvsU4dpYS9;Да
pUo4HwGE1f;Да
03m5C4M2Ml;Да
c8pUCA5z9p;Да
U6eY8kwXF8;Да
vK7xq9x48K;Да
gZw2kBDH89;Да
ygNh6kz2cD;Да
w23u6omPoE;Да
0TNVHv6Jv6;Да
2aZAw7D7Za;Да
TMcmeF5D8M;Да
3wcj07KgT7;Да
e5WD7a723k;Да
8KgaW9u8L0;Да
V0JP8adUDu;Да
m7Z0znfcJy;Да
sZgAF2l2x2;Да
h7qO6o3sjY;Да
n8RcqR1yfE;Да
2lJVhSVhMv;Да
wmQvVUupE2;Да
ej934VSPu0;Да
7olxR89r31;Да
4gk86a8gJR;Да
9326AdfT15;Да
P4Zyv5QV2r;Да
Z2s90mgl5P;Да
xCtQj51k9a;Да
U1cz0z2F1B;Да
ROf16DtPqk;Да
NKYbkXd4eZ;Да
b24X83pom2;Да
xu72Z1drDl;Да
ZAa1lRSpo1;Да
75pXZob035;Да
9tH15Jaopg;Да
T8Wf34V45r;Да
0OvXdHhGWU;Да
8tmM8yDgXC;Да
27pV0Wl8Mg;Да
Rlmglzuk3P;Да
XlET2V9XuQ;Да
1HVDmpZj5T;Да
5mV51MB91W;Да
cPfOr0WVf3;Да
L7kE63LV5G;Да
6vDhgQV9q9;Да
fPG98F80NY;Да
0jo5sRrq8r;Да
Wn9D63h7a8;Да
KoAHo9a6Xv;Да
Y7hwg7THwl;Да
f36t6TfMTe;Да
zT4N38L086;Да
25e6JvUMcP;Да
5puZfONoU6;Да
W0dUaPCzC3;Да
uNnF7MpmO9;Да
8NSl1OR1WU;Да
P7g6lNJEYW;Да
W9k085hz49;Да
w9C878sJ5n;Да
8293JTvzt8;Да
6wdTofEQ7M;Да
LjEUl92Ydl;Да
P3ecJ6O6Se;Да
z9L93pv5Xa;Да
OQE1Bp0wAK;Да
wqTWTHZGlJ;Да
3e1rzqYpNk;Да
4B8NZo1U6U;Да
Bm6mdzO4z9;Да
j2u6KLMzag;Да
lqMT4AOF7C;Да
04Z606vhHn;Да
nXUVgwZ0lo;Да
L25eD4Mkq6;Да
MjwXctM0Vs;Да
nyGwlXdm4J;Да
Mc1HV719oE;Да
3WEesRNP5B;Да
tuBh7dQA4p;Да
0t3SRBgR08;Да
ka1nRoYNY0;Да
1Jl3vknwxe;Да
LbACx1yXE3;Да
Yc78FeUYb9;Да
16D84RfNF7;Да
0k0pT28p7x;Да
TvETUvbzPQ;Да
pMU8O82wO9;Да
MRx543meFC;Да
ZobRoaJ7A8;Да
uQDMCdeEuH;Да
OA4DQ140Bw;Да
7VJK6Uf8cG;Да
qaeFYVHCY0;Да
EknSYcVTH5;Да
dRJk0U7Nbx;Да
QGc8R21U12;Да
93nuynX1DS;Да
F4m4nf2kAh;Да
h0920aE501;Да
Gkm76xkN6c;Да
9utlw4QnoQ;Да
esvRwPuH01;Да
2On8vYsGtr;Да
O10abqpAlc;Да
jl4H13KF3V;Да
84bg0X8bl2;Да
d50Rj4LNMa;Да
s6hTVLqe6H;Да
YyvN2s5SXq;Да
ArnyeSBn2e;Да
19TFo4FgtJ;Да
A13lmgNbdT;Да
oX17wpDH1q;Да
8z7olWNqxy;Да
NlEzBYfndb;Да
RK72zHTZrU;Да
4s7kTr0O39;Да
u87yT0fWKY;Да
561YedpfZz;Да
JFR4l06Yp6;Да
F9g5yU68ya;Да
5SW6atd38f;Да
XwRw7B6jMv;Да
Y1A682z0zJ;Да
272vGcq47R;Да
FMWQk2xJDn;Да
1s9mhAMbA5;Да
dK89N6y6OU;Да
sgorDGeykG;Да
sjwfxyr7Gn;Да
6RlBv3OmSZ;Да
rseJw9MoxV;Да
vwH6t6rB2j;Да
4pRtUlX7Es;Да
xz1t27wa7b;Да
19cdTRBKvT;Да
zFh48K6Ax2;Да
Nu24f81XV1;Да
ve63Uanv9j;Да
g2CK3ws1w8;Да
2NWuRz4251;Да
hWJ3bhxTBn;Да
k4Ly6OrOzY;Да
6vDFO5Ef4N;Да
714t1YHe59;Да
BMwLl2fN2w;Да
8uRwmQYAD4;Да
LN5ZbFE1Xl;Да
hWHu205Jp5;Да
Wga3R5g1wt;Да
9l4ea90k5T;Да
n2FEbUEJ4t;Да
ZCh6ru0SUa;Да
uVJ723G4Gh;Да
Gt6o41D5YM;Да
KaQZtWtBzS;Да
gc4f5Tn5fS;Да
W5D98rtn17;Да
Ko94EKW4cD;Да
guvtODr09S;Да
ytS2PfmlBD;Да
0W38DUlGc5;Да
O0G0Ek3t13;Да
dM6qnGbZ8C;Да
FHUpnd5rYR;Да
cz7X6FBhLg;Да
wa7DPSMx1U;Да
bC3vkJWwph;Да
j4fq16hw0o;Да
jyh9H4u59P;Да
hnbpY8FWUQ;Да
OCbVqBG56e;Да
0mhGtNK0Ah;Да
7V1RD42qhZ;Да
0ZuOvu3CU1;Да
ZAaHG7h4g8;Да
mbSa3mHFLm;Да
U12BR75Uv1;Да
Awph1pw2PY;Да
eWhSGMev4B;Да
WRG8T0L9l4;Да
eD9jRrzwdb;Да
30525OlDh6;Да
rXYCjwBYvB;Да
COZKHw0167;Да
WYgBUHS32W;Да
cWEARPXmb4;Да
7lMPr6819R;Да
kWm2mvrFmR;Да
ov85KEBhCN;Да
LKwM8U4d79;Да
9x4MljQ15S;Да
XNwKOF0cD0;Да
5J49C247mj;Да
1HFL467reK;Да
4k3YdOtWPy;Да
R9o9o2l2dN;Да
l8TGDL2hVt;Да
vQg8GH5708;Да
aUyOAa4CfJ;Да
a2s8s12VrX;Да
Ccm6R4XMDs;Да
ePexVCWtv9;Да
72z4P8S2PX;Да
HA2g3Th678;Да
yDJBmrjwYU;Да
O3KxklYPZJ;Да
0aTqg4Zy09;Да
wvUFudVa8g;Да
g3oCQ8yDob;Да
ogMpl7XRc5;Да
s3oJzyHSKU;Да
o41bq4bo3N;Да
dAeRPveOVl;Да
2B2YGOBjac;Да
1l5vbSw0E9;Да
NwRv79rxb9;Да
R8Z3AeK756;Да
yO3ZO3BQcM;Да
lE5X4o5eaB;Да
Y4u5u4fzTw;Да
rMw7haGUM2;Да
TL9n5V3w64;Да
cR6ghacyGa;Да
7Z4QW78m1t;Да
c3PA47vKtw;Да
JxGYslz8nT;Да
pQA08LC85p;Да
B46V3hxzcp;Да
0mD6rXg37Y;Да
6ybvlBwL0C;Да
jCkpEQZmYl;Да
7h4YjCMw30;Да
LQ09xSn9Tr;Да
47B0eWox7V;Да
tRMAz5s3Rn;Да
g94ZNufAN9;Да
sHPQL1RhO5;Да
gMSHbD90l3;Да
PHP8Sy148e;Да
5eh1Lt061g;Да
49YB8xjzoQ;Да
93JrRO5M9t;Да
WmcMsBbtj3;Да
n9B5wTSn5X;Да
43Eh15RAQd;Да
kGVEB7lknD;Да
Z212B3v253;Да
840ftoTo9e;Да
4G7LaPg8F3;Да
YFV26A32W2;Да
zHqaHlHl4K;Да
1Uz20F2Qoa;Да
fsQy9HA2KG;Да
CRr5a9vfd9;Да
uW0fs3ur9H;Да
W5hT0hWfos;Да
SdLyNrm9L3;Да
aYmZACP5f4;Да
zrLZL2K3PB;Да
LhL07oGZOh;Да
QyuEUrRs8s;Да
Hm2AvaMuo5;Да
6U901GrMSl;Да
ekc2dEKWwS;Да
73Cy4F04Wb;Да
l2Vqfg7VJ3;Да
UDQjfegjS2;Да
t2oa5wz82X;Да
7ptoN0mZdG;Да
wO9j3QuGVj;Да
EO6cB9dVS1;Да
T8g6s3v9kY;Да
mSaRpfDApe;Да
Kj1oZFynA5;Да
lsyh2h75p9;Да
emlQ0wXkSz;Да
xAsYuJ3Aeo;Да
H763rae9CE;Да
7Y6bfc5uLf;Да
om1NBkqUnm;Да
ng618jL53G;Да
p7fv4A6k12;Да
l23Q2GMW9V;Да
06LqAlF96C;Да
eP3CBcPJ1w;Да
PJHaK4VpPl;Да
CLKan0Km7u;Да
v8oFgt2fUB;Да
Huko5Vva1t;Да
xZ82aSZlKO;Да
xhM4pXzKrK;Да
RW6TPtsV8U;Да
WYaUkyCQjX;Да
AzTvUqfwDh;Да
JuEzvy21Hc;Да
LVJLN6wzW5;Да
EQjH42S49v;Да
BgSGjALEeO;Да
O76bnY6SAX;Да
6VQ02068J9;Да
JWqGR0Y4S2;Да
j4L6r53sqV;Да
vD82TLr2Yl;Да
pE9E6oH4lO;Да
R1exyGC4on;Да
BfgLZpNSlH;Да
97rANwopJZ;Да
F62vdyGDLJ;Да
D250Hez616;Да
h5vETc0681;Да
XsmMPURAuZ;Да
mwdz9hu9Z9;Да
7UAV03yVw4;Да
3m4KjygrmN;Да
4qgS3fT2M1;Да
9pco364lP3;Да
XzZFr8PEFr;Да
9m1W3MeXa0;Да
6C19wB0sU4;Да
VL4jNhRN2U;Да
TBmNHu8rVu;Да
oqvSjG896C;Да
4TKcvrk8Ue;Да
Z1C7OrVXLv;Да
aE5BPrUJ49;Да
ackH0b8O5g;Да
j4YMgv6p8O;Да
q2FaEq2NAr;Да
QFN2nR3tz3;Да
6eKMctErkj;Да
9b0zKyrh6k;Да
6ns504ZTcR;Да
K3l1Gr5w6P;Да
Gl5ZzgyjVx;Да
F6aWGnKros;Да
Z6bH2O58nr;Да
73kd7sn1O5;Да
EJHwGbawAQ;Да
d2326eYjJu;Да
8ce8o9LXDr;Да
lzQJ0Zus7w;Да
S6vhm8qOcO;Да
PS8ZY4TKE0;Да
aUj2gxT9JA;Да
toq34x7V23;Да
31b8psYREb;Да
1m03Hb0g4k;Да
dx87q13Hjx;Да
4j9d049Weu;Да
SEDqxcou1u;Да
l0pbQRZsGW;Да
6zqwhe1h80;Да
mZGlfdvq5q;Да
ndz6HgyE0z;Да
QBholdUZTk;Да
7vg127n64k;Да
7RG8bOuJGa;Да
he2ZtdA1RD;Да
LnGTD3XUWZ;Да
S5x0gHgcH2;Да
7JRXN4657O;Да
504hy7g60n;Да
Lx8Rk8h0NC;Да
c18GmQ0ZB4;Да
hUGD3Q2lQC;Да
S31Eju8LCA;Да
T91ecYN070;Да
0sO16DPp8Q;Да
rz5xsCN79t;Да
WP2v3Ykw56;Да
4Vp80ma6hq;Да
VC4TgzL29Z;Да
RD7k19LXhv;Да
38JXEdagPN;Да
RyPmvlXVH0;Да
0q69fQdkd7;Да
V2KdgMhpdY;Да
9x4jGxfDWP;Да
cUZ82DwKV6;Да
WC3EL2Lxc6;Да
2paJxeR52M;Да
Oc7WgLh5wb;Да
5sLKZ9cxP0;Да
3Rgd9WAUQP;Да
0z2ey2lnCK;Да
uD10hBcPfm;Да
Nfnx801dN3;Да
j08hC9H3XT;Да
3eEue0REhJ;Да
Xjh5U04h6h;Да
zvOfJY60Hl;Да
eG0EMug89e;Да
4lHN180F2N;Да
8q0X1WxMy5;Да
yVgzwlBZpT;Да
3ELn0znB92;Да
YxLMbWkbUE;Да
feKqfaekxY;Да
z6RG2tcltl;Да
DjCN4ofbt2;Да
6YZQLm6eYL;Да
odwym191gx;Да
quY18gosa3;Да
u9xpJDKXLo;Да
t46nsTV7Pc;Да
6e610DbyX7;Да
0nw3BQ3nou;Да
zQBK45O7W5;Да
034X5K1yBJ;Да
Ky6lN59C9t;Да
4M928CNply;Да
BANqx69B5a;Да
uVdnQBoO7D;Да
xZjf83wsbs;Да
qs9yg68QU0;Да
eoJEg82Z76;Да
3NAb90MKCW;Да
nNHWNalQwt;Да
6LZj5bJ7lr;Да
8Pb2Hy1STg;Да
UHao7B9HA8;Да
0t3wsE703v;Да
FkQZmwGcTS;Да
Rg3UZrcJbv;Да
G2tUGKVgax;Да
3aSDoroswg;Да
s9FG2nuUk6;Да
gLD1PCbd6l;Да
6f4hUeYjgQ;Да
cN31loSg2E;Да
h5bfrB2MH9;Да
fP2o6QOgfC;Да
1uVxk92vxB;Да
eQ809c7t5b;Да
5vjAEWOEyK;Да
zcLxkNCyp6;Да
8dtjYQMBNM;Да
Z49bO9MoVa;Да
tGdc6KhMpO;Да
VGgybvOf0m;Да
Kldc7gD3Zs;Да
NEGET1dNG4;Да
28Lvw42Mmy;Да
m50HGbZxgq;Да
76zqZ89ADe;Да
1Kevj8jR9T;Да
NO157t9z3y;Да
APs0eA0C8d;Да
me9JnH8ayX;Да
bGTzkmLGC0;Да
6YLuDjY21y;Да
Xj7FX0maDF;Да
lfVQGF5eaW;Да
d1EMBG4o54;Да
WDPwnCQc50;Да
oE0brE8SdM;Да
78HXMD0A6P;Да
cNAbBYw9Y5;Да
qnxtp9ok0V;Да
O9s0txanYl;Да
o7XoFKP76G;Да
nC2B306M1h;Да
PEc64G4175;Да
796Z21kfW6;Да
d25H6R3fqn;Да
3AXg0N0ygz;Да
Mxj6ghZgeg;Да
4ausyDfegL;Да
wL3cwdEo5U;Да
Y1K4V71B4p;Да
B8Nh3Kkr2E;Да
7841kQw1r1;Да
q8W9dOPaMJ;Да
nf1Me2Sw65;Да
V3aR74aYOD;Да
k31bjPp9nM;Да
OEckx34sR0;Да
Mn3Af74cvF;Да
j9D63kVsJX;Да
EG35Q1U9H4;Да
81oaBROHP4;Да
PAS1bjmLdY;Да
qGBCs4qgpd;Да
vjQD8ywFMe;Да
3pRmuy6974;Да
wy1M1RLsYQ;Да
81KWvaLW3Y;Да
F7f3Ly9oFo;Да
SYFxC8qlUj;Да
cGw4QP38eB;Да
xyrpl7u3tE;Да
76l9F36HgU;Да
AsXnN0BwLG;Да
Yy49gB68Pb;Да
y4PAwLe0PD;Да
M0xv58xM1b;Да
8431G95oHj;Да
3aRh0tdVpP;Да
Ogu0wuckeO;Да
7ha39K1pSB;Да
26A29bNXnr;Да
LDm4xlVcXU;Да
8dPe7Tm8n6;Да
l91g35done;Да
j9kSEh2B3R;Да
g2bDaN5kyg;Да
T1wtNoUC8q;Да
Oy4N3E7qHK;Да
U3E42T7KbB;Да
R7nyepXDs3;Да
T69OSrSe16;Да
9sOTFSpL8f;Да
uwJk0sr4Nd;Да
HEC50edRno;Да
Ru03RYxpne;Да
MN5h1p4b6o;Да
4Pe7O5CH28;Да
jo9KfhbVUX;Да
MKS154xlxX;Да
1KA7cAf6m2;Да
f6FfGRYx7J;Да
vcq7efwzx9;Да
lpbXxqBV9O;Да
w3V5j9GOXH;Да
9nzsz03mf2;Да
2WyTY1Yxh8;Да
sm84R5oH8C;Да
cHM32x5egj;Да
pcKr32WEAp;Да
14W175LT9P;Да
j5zFpMyT0X;Да
81pSX8dmHN;Да
tX46c9QTjG;Да
xXZ3e1NXn9;Да
7UWSsj0kf8;Да
kabMPyvUqY;Да
SUSnBXC2p4;Да
EK8s1m0o80;Да
kY1W2qhDV3;Да
k8o3dMrnF7;Да
jLCdXZL8st;Да
24Yjgny4tD;Да
cl8ok3v2JN;Да
04D91K3dLU;Да
2pwESEYPwn;Да
5v7EmwGU49;Да
g5UReyF7pt;Да
3n2bh74SX9;Да
VHYc7P2ulC;Да
46f37vgPM0;Да
cxWSs1vARW;Да
c9BT8WJRXl;Да
pbuUF3x1LW;Да
0dsw64av0U;Да
UR40JWTmAK;Да
a2VMbAn3tz;Да
vU908kwfk2;Да
6eC127QUNU;Да
tZJH4l7vKP;Да
VGJd650ojU;Да
dg81exU6Ac;Да
5u458WmUE5;Да
hq09pUJjFG;Да
cMs52cTpub;Да
b84vFqzqvL;Да
4USt537Rd8;Да
3g94z9LRdF;Да
6SP84Y8dPm;Да
w3928Y2nv6;Да
J4rgLCtmLx;Да
cnQ9K5HgsW;Да
JoBfKpJZ9U;Да
V6AFJdDfY7;Да
NbG6tCMSs8;Да
Vm7AcJzVD1;Да
129oMsJ5th;Да
KRARVFXljt;Да
4LrQ29zo0u;Да
8pcCJB4Nx8;Да
BNMgS3HzVa;Да
mgsXfJSQnh;Да
Fe6c9z36W6;Да
3N8zpKqBxb;Да
u60KHSoY5C;Да
4q6s6b59mh;Да
dP40Xtem3u;Да
5R1yX1gWnN;Да
e83M0JtSc4;Да
cw2J6ON3v9;Да
NC7hwYs08a;Да
chdWj7c8fX;Да
ZvB6sJ94D2;Да
AXCyLk5o1q;Да
quCM07RlJd;Да
DXB5zq4DuA;Да
705puh5ycL;Да
29w3Uw8S61;Да
6LTe5kcFZH;Да
xepehbs54b;Да
oK9u23JMUm;Да
79yZ9yw9q0;Да
BMZp5rBV47;Да
02tkpjr3bh;Да
dtDcOW8UdC;Да
5jFGFqbucl;Да
W0nSYU79S6;Да
O9s8jKJ7n0;Да
Zu1sNhKneM;Да
6T2qLbeFgx;Да
r20gH5fpA0;Да
YmbwW6b2y9;Да
H4Qt7ZuP4Q;Да
83fN8dHD6T;Да
5PAYq9J2MP;Да
Ur3R6CetDF;Да
sFH6mFEbcj;Да
stP8E30B4h;Да
cmnC30oqvp;Да
EXHX9Aj13A;Да
HoRtrGAoVw;Да
qZEkR543HE;Да
DMvOvel6Bs;Да
f5V6V5Go0n;Да
SCYXJ28L3S;Да
0CqdvMuozV;Да
EJm8K2Ep82;Да
nRuGc8ocgk;Да
EU6suXWAUn;Да
1q8QTbY0OL;Да
QG21yB49vf;Да
3UwMt91oDf;Да
Bd5XSOH8uX;Да
eXZ3Wb4n21;Да
405aQv8RNQ;Да
MXK5ea4CX5;Да
rC71pq9dP1;Да
xKS5ntq7ce;Да
19bl9D2pwj;Да
tHP9pUgDW8;Да
2Dpk9F7BrH;Да
JFv83K935u;Да
p1rbtF0FyJ;Да
12u9FVF9hB;Да
U1wWr8kZft;Да
orKpPHx40h;Да
8ElCpldcDC;Да
UsDkL4O036;Да
XK0elOu479;Да
rV9s85Lzbw;Да
3XNaOvf3rS;Да
34XTl4o5B8;Да
Ueafx6kznB;Да
BFJ07UewbS;Да
wrjScSYyR2;Да
9b9bkAhLYS;Да
rwhGP2Hj8p;Да
x31z5JS6B0;Да
X7E1VNr7U4;Да
Vhpxc6JLq9;Да
d7Pj052q4j;Да
NZ34BPNR2u;Да
6G6Yh3Q31T;Да
jF3BJCB9Pz;Да
fFJGZl6LSH;Да
TYUyO3hsW2;Да
3lP6zMx2rz;Да
SC9cFbESFw;Да
1NXJn45tZ5;Да
72uOCctMR7;Да
HYcxtL5GK7;Да
F9KJhkhfBV;Да
Xoy3d8RkQD;Да
qcf68n60K4;Да
7m8MKv5WDs;Да
A5bJrKo8mj;Да
tmpaed028f;Да
Q75rR620he;Да
fwZe3VMjZ0;Да
h9z6Q0FcNG;Да
Bnda0p1rTP;Да
WxkrFf9YmT;Да
S2FZ4wzPm4;Да
G4lm37PcrD;Да
3aRLOcO8wR;Да
o02WkzQXGm;Да
uV2rzag4M3;Да
jGtz3Nx1b1;Да
mCRsMwp756;Да
7U4tDF02YG;Да
0yBkMQFNu2;Да
ABdBAN8Vmy;Да
f79U3GM4yV;Да
aP6bmCRUqf;Да
Zh29RMA6qJ;Да
Cufeo1j1Hd;Да
70GVjc9bNf;Да
2a1t7adrZK;Да
XLR8XuJAWv;Да
ZmZ3hyECbx;Да
2DwnYNv70V;Да
sKv1XsHJ80;Да
2C6En7Cde7;Да
9rdXbGrSAW;Да
oxdg9HAQlK;Да
takBwhlTgb;Да
m5YjK2hsPM;Да
f6067Pyub6;Да
Hg61q8ueOs;Да
G82QRD4KMy;Да
qYSr4DXfQx;Да
gw3X5Zz5B1;Да
usVAxFow2m;Да
9vn6KD2mYr;Да
OTc3FaL8rW;Да
QNnEpq9V0f;Да
1oL2NATuqc;Да
nuUNU10Z9S;Да
c4VS89UGKs;Да
Cr1Q4P4wUM;Да
FtOZQ8jpF6;Да
wTZNRcT46d;Да
3q742xn42T;Да
MkM26KDJH5;Да
3sMasND9lp;Да
hclPgWJKzy;Да
0wukK14WhL;Да
Ya6fS4X5hb;Да
O2mBvt6hax;Да
uZB4Lyr3pY;Да
56H0uP38XQ;Да
95gjwCvRS4;Да
sSG8Dsd84j;Да
kZ4w61CDk7;Да
jL0x3qo1pT;Да
9nbwdU6AVf;Да
LDH1TM38hv;Да
owF8blQY8Z;Да
0bq8WBN8d1;Да
hPjfXCxhFl;Да
YOhnUL5zkO;Да
S6W6x9o83C;Да
n2GFSj3w7f;Да
01lo4FZPZ2;Да
P5jMo7xqQV;Да
kzo9XW9NZR;Да
EDE6KpQeV0;Да
A71CLKSJq0;Да
10rVeS4uqy;Да
Ms4j2CYRje;Да
H73hcA403B;Да
9kaEqy8R2t;Да
yKru0q5q5x;Да
NGm9v5g14P;Да
eVRWbAfCH8;Да
QUzc7YgX0F;Да
2J9o1NQ8bG;Да
5WhwgO5Y89;Да
8ZvAo7tJfM;Да
5bQ0aznJ2s;Да
8O7kayH8YC;Да
EVx93J6sRU;Да
528v2d8K54;Да
dLcQ9721Hx;Да
H40Szx8O56;Да
mVzEw1k9ZX;Да
HWqe3qpHL0;Да
J14tD2oY8c;Да
71fsu9ay58;Да
3MG5Kj26aW;Да
92t2Kx2F5e;Да
DB8A1TEgW6;Да
FRY7hY61j4;Да
En1VN6SWTe;Да
aXVmVbfy2O;Да
2n0RM4U09Z;Да
CjZfH6XLRx;Да
Bd9W4yxdwE;Да
5B86D8p7cX;Да
bdM91AgwZG;Да
GEaE8b325H;Да
D39Q5eZ15L;Да
z176N64aRp;Да
S5n1MnN4T6;Да
BsB25m3Q20;Да
qFJl43FD8c;Да
8HBJ6X4vk2;Да
AfZDq71jH5;Да
xO3L7FAosS;Да
FphbOu1m6R;Да
A9347NEGd1;Да
0r2EDj0q9J;Да
tqykO0UFvW;Да
6qH690OK9l;Да
LAUJ7JoXEG;Да
xf7AyM781B;Да
v4mH9p6kc9;Да
Dr0Bwh350R;Да
1e2dq3pvqb;Да
9YnMsfa46B;Да
O1Yd40hQ1B;Да
34caCL68FA;Да
R7B6MqeomH;Да
9SU4MkMuKt;Да
45Q7ClhXfQ;Да
7CN8GP3eEn;Да
ZcrZh92hVQ;Да
s9HeT2jmpZ;Да
1f0u1O3fU5;Да
mdTKbX64w6;Да
m3BuCqdYqd;Да
XT3GjdPmZG;Да
3Bu658nNl1;Да
tVd62SZs0A;Да
Z7MDlZ4ZU3;Да
Zs94DRb1t3;Да
DRrwZ36Clb;Да
5PG3f585qf;Да
0H0jnT3ThT;Да
1Z8wY7La1G;Да
6Qx68xSf8n;Да
T4rC0AD1td;Да
d4ydDCb8nU;Да
72RKVCxzbS;Да
Z63hyZ29KJ;Да
L92PX419rx;Да
1UTXj69BTW;Да
wLGgdXzDK9;Да
HTaQS404Xz;Да
hlbz1MH24C;Да
J5fSeTnHjx;Да
w8TOmaw82u;Да
rF43E7M7H5;Да
JMFQK8754U;Да
gbPJHS60l4;Да
Hj3S3yA87T;Да
PW7EH742VM;Да
1apTXq3679;Да
AZE8UVCVW0;Да
3vcF7q1oDB;Да
1a5tZfm9Ek;Да
KP7C3D3Qu0;Да
x3503eb2Uz;Да
F4mAJDQEby;Да
HqCm58G1NB;Да
N5DXHujQTE;Да
6z8w0RED8V;Да
tY2mXUsCNp;Да
Odl19yCQ29;Да
R9zoRQoZ2v;Да
G26X0x08Z0;Да
E6RmXV1Y4Z;Да
r6jq6214YE;Да
dFZ1d9YBqe;Да
38LYaNB8tA;Да
8eBWuKPs3Z;Да
OKX7OqdBu6;Да
zM7bH8wv7B;Да
OE36C3zlel;Да
Vcu6nOt84v;Да
1PvA3SvyJE;Да
CzZ0O3uqrn;Да
FE23PX1fVR;Да
d2kQZPaqM5;Да
ZT2VqBdfbQ;Да
Ye7B68mzPt;Да
t1mC3RJG64;Да
wU85rYvXx7;Да
fQs2L7cWE4;Да
wynHk7Sdjr;Да
d9AEApHp3q;Да
L7H9f8G8u2;Да
Wj1vG7HCXB;Да
k4X56fvLeR;Да
1UbXrsuf40;Да
