Бренд;Название;"Цена в у.е.";"Цена в бел.руб."
Cam;Microair;190;2023500
Cam;Portofino;190;2023500
Cam;"Pretty Cross";185;1970250
Cam;Flip;152;1618800
Cam;"Dinamico (3 в 1)";880;9372000
Cam;"Elegant Family (3 в 1)";700;7455000
Cam;"Cortina Evolution X3 Tris Activ (3 в 1)";929;9893850
Cam;"Cortina Evolution X3 Tris Special (3 в 1)";955;10170750
Cam;"Area Zero+";150;1597500
Cam;"Viaggiosicuro Isofix";285;3035250
Cam;"Gara 0.1";156;1661400
Cam;Cushion;87;926550
Cam;"Pony Baby";40;426000
Cam;"Travel Evolution";170;1810500
Cam;America;190;2023500
Cam;Campione;205;2183250
Cam;"Mini Plus";123;1309950
Cam;I-dea;110;1171500
Cam;Smarty;82;873300
Cam;"Baby Block";60;639000
Cam;"Baby Bagno";52;553800
Cam;Bollicina;40;426000
Cam;"Combi Family (3 в 1)";631;6720150
Cam;"Pulsar (3 в 1)";969;10319850
Cam;Brevettato;163;1735950
Cam;Lusso;100;1065000
Cam;"Daily Plus";176;1874400
Cam;Bubu;90;958500
Cam;Nannarock;150;1597500
Cam;Giocam;130;1384500
Cam;Gironanna;220;2343000
Cam;"Stand Universale";59;628350
Cam;Volare;140;1491000
Cam;Asia;320;3408000
Cam;Upper;36;383400
Cam;Dudu;40;426000
Chicco;"Trio Activ3 (3 в 1)";1040;11076000
Chicco;"Trio Living Smart (3 в 1)";820;8733000
Chicco;"Enjoy Fun (3 в 1)";520;5538000
Chicco;"Polly 2 в 1";155;1642000
Chicco;"Polly Magic";195;2071000
Chicco;"Key 1 IsoFix";350;3727500
Chicco;"Xpace IsoFix";356;3791400
Chicco;Eletta;220;2343000
Chicco;Neptune;187;1991550
Chicco;Lullaby;240;2556000
Chicco;Spring;112;1192800
Chicco;"Band Baby Walker";117;1246050
Chicco;"Детские качели Polly Swing";190;2023500
Chicco;DJ;115;1224750
Chicco;"Soft and Dream";95;1011750
Peg-Perego;"Aria Twin";370;3940500
Peg-Perego;"Duette Pop-Up";900;9585000
Peg-Perego;"Culla Auto";690;7348500
Peg-Perego;Young;630;6709500
Peg-Perego;"GT3 Modular System (3 в 1)";1080;11502000
Peg-Perego;"Pliko P3 Compact Completo (3 в 1)";950;10117500
Peg-Perego;"Switch Four Completo Modular (3 в 1)";990;10543500
Peg-Perego;"Pliko Switch Easy Drive Modular (3 в 1)";995;10596750
Peg-Perego;Aria;250;2662500
Peg-Perego;"Zero 3";185;1970250
Peg-Perego;"Prima Pappa Diner";215;2289750
Peg-Perego;"Prima Pappa Best";280;2982000
Peg-Perego;Tatamia;400;4260000
Peg-Perego;Siesta;300;3195000
Peg-Perego;"Primo Viaggio SL";235;2502750
Peg-Perego;"Viaggio1 Duo-Fix";310;3301500
Peg-Perego;"Viaggio 0+/1 Switchable";292;3109800
Peg-Perego;"Viaggio 2/3 Surefix";200;2130000
Emmaljunga;"First Class";330;3514500
Emmaljunga;Cerox;870;9265500
Emmaljunga;"City Cross";1180;12567000
Emmaljunga;"Nitro City";1200;12780000
Emmaljunga;"Classic Sport";770;8200500
Emmaljunga;"Twin City Cross";1250;13312500
Emmaljunga;"Twin Nitro";1250;13312500
Emmaljunga;"Mondial Duo Combi (2 в 1)";1265;13472250
Emmaljunga;"Edge Duo Combi (2 в 1)";1210;12886500
Emmaljunga;Exclusive;159;1693350
Emmaljunga;Sport;120;1278000
Emmaljunga;Quadrolift;280;2982000
Emmaljunga;"Travel System";50;532500
Cam;"Minu Sport (3 в 1)";786;8370900
Cam;"Minu Elite (3 в 1)";823;8764950
Inglesina;"Amerigo HSА";330;3514500
Inglesina;"Amerigo HSA Iso-Fix";410;4366500
Inglesina;"Prime Miglia";255;2715750
Inglesina;"Prime Miglia I-Fix";325;3461250
Inglesina;Sofia;680;7242000
Inglesina;Vittoria;653;6954450
Inglesina;Classica;920;9798000
Inglesina;"Kit Auto";85;905250
"STM (Recaro)";"Twin 0+";215;2289750
"STM (Recaro)";"Twin One";339;3610350
"STM (Recaro)";"Ipai SeatFix";225;2396250
"STM (Recaro)";"Starlight SP";300;3195000
"FD Design (ABC Design)";"Mamba (2 в 1)";510;5431500
"FD Design (ABC Design)";Giro;210;2236500
"FD Design (ABC Design)";"3-tec (2 в 1)";470;5005500
"FD Design (ABC Design)";Zoom;830;8839500
"FD Design (ABC Design)";"Condor 4S (2 в 1)";550;5857500
"FD Design (ABC Design)";"Cobra (2 в 1)";480;5112000
"FD Design (ABC Design)";Moonlight;100;1065000
"FD Design (ABC Design)";"High Tower";155;1650750
"FD Design (ABC Design)";Twister;60;639000
"FD Design (ABC Design)";"Classic Bouncer";120;1278000
"Baby Design";Mini;110;1171500
"Baby Design";Walker;145;1544250
"Baby Design";Travel;107;1139550
"Baby Design";Trip;79;841350
"Baby Design";Sprint;155;1650750
"Baby Design";Buggy;0;0
"Baby Design";Elf;90;958500
"Baby Design";Tiny;99;1054350
"Baby Design";Pepe;112;1192800
"Baby Design";Bambi;130;1384500
"Baby Design";Jumbo;85;905250
"Baby Design";Amigo;110;1171500
"Baby Design";"Bento Fit";180;1917000
"Baby Design";Simple;75;798750
"Baby Design";Dream;105;1118250
"Baby Design";Play;90;958500
Espiro;"Enzo Evo (2 в 1)";400;4260000
Espiro;"Vector Air (2 в 1)";335;3567750
Espiro;"Vector PRO (2 в 1)";430;4579500
Espiro;"Optima FX";198;2108700
Espiro;"Atlantic (2 в 1)";265;2822250
Espiro;Metro;150;1597500
Espiro;"Gtx (2 в 1)";0;0
Brevi;"OVO (2 в 1)";600;6390000
Brevi;Grillo;185;1970250
Brevi;Ginger;210;2236500
"Bertoni (Lorelli)";Primo;109;1166300
"Bertoni (Lorelli)";Bodyguard;53;567100
"Bertoni (Lorelli)";"Plasma (2 в 1)";265;2835500
"Bertoni (Lorelli)";"Vector (2 в 1)";208;2225600
"Bertoni (Lorelli)";"Winner ";201;2150700
"Bertoni (Lorelli)";Sun;65;695500
"Bertoni (Lorelli)";"Play Station";87;930900
"Bertoni (Lorelli)";"Arena 1";82;877400
"Bertoni (Lorelli)";"Arena 2 plus";108;1155600
"Bertoni (Lorelli)";"Arena 2";91;973700
"Bertoni (Lorelli)";"Travel Kid 1";96;1027200
"Bertoni (Lorelli)";"Travel Kid 2";109;1166300
Erbesi;Coccolo;2690;28648500
Erbesi;Perla;2035;21672750
Erbesi;Perlina;750;7987500
Erbesi;Chicca;845;8999250
Erbesi;Prezioso;585;6230250
Erbesi;Lulu;593;6315450
Erbesi;Teo;530;5644500
Erbesi;Fiocco;757;8062050
Erbesi;Cucciolo;3199;34069350
Erbesi;Amour;973;10362450
Erbesi;Pretty;848;9031200
Erbesi;Sogno;1300;13845000
Erbesi;Tesoro;2035;21672750
Erbesi;Dolce;1604;17082600
Erbesi;Brigette;1468;15634200
Erbesi;Aurora;600;6390000
Erbesi;Abbraccio;807;8594550
Erbesi;Sonia;2396;25517400
Erbesi;"Petit Bebe";2366;25197900
Erbesi;Teddi;1120;997
Erbesi;Classique;1270;13525500
Erbesi;Incanto;2920;31098000
Erbesi;Brillante;1312;13972800
Erbesi;Hippy;1473;15687450
Erbesi;Camilla;855;9105750
"Bertoni (Lorelli)";"Travel Kid Roker 2";119;1273300
"Bertoni (Lorelli)";"Dream Time";57;609900
"Bertoni (Lorelli)";"Top Relax";48;513600
Capella;"S-901 Сибирь";250;2662500
Capella;S-321;165;1757250
Jetem;"Cobra (2 в 1)";500;5325000
Jetem;"Prism (Capella s-901)";240;2556000
NeoNato;"Reverso Sport Tris (3 в 1)";900;9585000
NeoNato;"Synchro Romance (3 в 1)";970;10330500
Pali;Pappy-Re;220;2343000
Pali;Eclettika;170;1810500
Pali;Up;120;1278000
Pali;Principe;1438;15314700
Pali;"Baby Baby";1341;14281650
Pali;Elena;795;8466750
Pali;"Magic Prestige";1539;16390350
Pali;"Classic Prestige";1284;13674600
Pali;"Little Star Prestige";1115;11874750
Pali;"Tiffany Prestige";880;9372000
Pali;"Caprice Royal";3944;42003600
Pali;"Gigi & Lele";3616;38510400
Pali;Rigoletto;845;8999250
Pali;Renee;797;8488050
Pali;"My Love";3477;37030050
Pali;"Art Nouveau";1659;17668350
Pali;Deseree;545;5804250
Pali;Ciak;375;3993750
Pali;Iris;1419;15112350
Pali;City;333;3546450
Pali;Tommy;409;4355850
Pali;Milly;506;5388900
Pali;"Smart Bosco";763;8125950
Pali;"Smart Maison bebe";1557;16582050
Pali;Four;508;5410200
Pali;Armadio;656;6986400
Pali;Como;626;6666900
"Bertoni (Lorelli)";Calypso;157;1679900
"Bertoni (Lorelli)";Flash;42;449400
"Bertoni (Lorelli)";Sporty;77;823900
"Bertoni (Lorelli)";"Carrera (2 в 1)";373;3991100
"Bertoni (Lorelli)";"Eclipse (2 в 1)";160;1712000
"Bertoni (Lorelli)";"Atlanta 3 (2 в 1)";254;2717800
"Bertoni (Lorelli)";Star;72;770400
"Bertoni (Lorelli)";Foxy;88;941600
"Bertoni (Lorelli)";Twin;143;1530100
"Bertoni (Lorelli)";BW-3;30;321000
Агат;Золушка-1;70;745500
Агат;Золушка-2;93;990450
Агат;Золушка-3;89;947850
Агат;Золушка-4;111;1182150
Агат;Золушка-5;98;1043700
Агат;Золушка-6;112;1192800
Антел;Ульяна-1.1;150;1597500
Антел;Ульяна-1;225;2396250
Антел;Ульяна-5;190;2023500
"Беби Элит";Зверюшки;143;1522950
"Беби Элит";"Классик мини";131;1395150
"Беби Элит";Классик-1;142;1512300
"Беби Элит";Классик-2;145;1544250
Влана;"Кот в сапогах";220;2343000
Влана;"Меандр (4 ящика)";222;2364300
Влана;Зайка;220;2343000
Влана;Панды;220;2343000
Влана;Белочка;220;2343000
Влана;Тигры;220;2343000
Влана;Мишка;220;2343000
Влана;Кот;220;2343000
Влана;Собака;220;2343000
Влана;"Ангел с веночком";220;2343000
Влана;Мамонтенок;220;2343000
Влана;"Крот с друзьями";220;2343000
Влана;Ангелы;220;2343000
Влана;Панда;220;2343000
Влана;"Китти Цветы";220;2343000
Влана;Меандр;0;0
Влана;Меандр;0;0
Влана;Бьянка;0;0
Влана;Меандр;0;0
Влана;Розы;0;0
Влана;"Меандр (5 ящиков)";232;2470800
Влана;"Розы (4 ящика)";222;2364300
Влана;"Розы (5 ящиков)";232;2470800
Влана;"Франческо-1 (4 ящика)";222;2364300
Влана;"Франческо-2 (5 ящиков)";232;2470800
Влана;Розы;0;0
"Chloe & Ryan";"Мишутка с шариком";300;3195000
"Chloe & Ryan";"Seio 001";0;0
"Красная звезда";"Любаша (С 635)";160;1704000
"Красная звезда";"Кристина (С 619)";177;1885050
"Красная звезда";"Элина (С 669)";306;3258900
"Красная звезда";"Анюта (С 358)";200;2130000
"Красная звезда";"Яна (С 663)";275;2928750
"Красная звезда";"Лия (С 610)";94;1001100
Papaloni;"Джованни (125/65)";275;2928750
Papaloni;Прадо;505;5378250
"Красная звезда";"Алина (С 376)";292;3109800
"Красная звезда";"Ирина (С 625)";283;3013950
Papaloni;Винни;232;2470800
"Красная звезда";"Марина (С 700)";212;2257800
"Красная звезда";"Полина (С 398)";280;2982000
"Красная звезда";"Машенька (С 237)";128;1363200
Papaloni;Венеция;295;3141750
"Красная звезда";"Виталина (С 851)";255;2715750
"Красная звезда";"Регина (С 600)";315;3354750
Лель;"Ромашка АБ 16.2";270;2875500
"Красная звезда";"Ангелина (С 676)";350;3727500
Лель;"Маргаритка БИ 08.2";540;5751000
Papaloni;Луи;275;2928750
Papaloni;Санта;305;3248250
Papaloni;Фиорентина;550;5857500
Лель;"Лютик АБ 15.2";258;2747700
Лель;"Лютик АБ 15.1";195;2076750
Лель;"Василек БИ 09.0";245;2609250
"Красная звезда";"Влада (С 236)";145;1544250
Giovanni;Elite;217;2311050
Cam;Igloo;121;1288650
Inglesina;Magnum;550;5857500
Inglesina;"Otutto (3 в 1)";920;9798000
Inglesina;"Zippy Free System (3 в 1)";870;9265500
Inglesina;Espresso;255;2715750
Inglesina;Swift;165;1757250
Inglesina;Trip;206;2193900
Inglesina;Zippy;440;4686000
Inglesina;"Zippy Free";470;5005500
Inglesina;"Twin Swift";350;3727500
Graco;CitiSport;115;1224750
Graco;"Mirage Plus";130;1384500
Graco;Nautilus;215;2289750
Graco;"Junior Maxi";73;777450
Graco;"Booster Basic";44;468600
Graco;"Logico LX Comfort";110;1171500
Graco;"Junior Mini";260;2769000
Graco;"Lovin Hug";175;1863750
Graco;Sweetpeace;287;3056550
Graco;Silhouette;169;1799850
Graco;"Baby Delight";90;958500
Graco;Swing'n'Bounce;195;2076750
Graco;"Contour Electra Deluxe";200;2130000
Graco;"Contour Prestige";215;2289750
Graco;"Tea Time";79;841350
Graco;Contempo;155;1650750
Graco;"Discovery Walker";105;1118250
Graco;"Travel Bouncer";90;958500
Graco;"Cosy Bouncer";0;0
Jetem;"Rhapsody (Capella C4)";150;1597500
Jetem;"(Capella) Looping";120;1278000
Jetem;"(Capella) C1";150;1597500
Jetem;"(Capella) C2";135;1437750
Jetem;"(Capella) C3";91;969150
Jetem;"(Capella) Sport";145;1544250
Jetem;"(Capella) Quadro";140;1491000
Jetem;"(Capella) Quadro R";145;1544250
Graco;"Cuddle Cove";237;2524050
Фея;Классика;53;564450
Фея;Квадрат;54;575100
Фея;Уголок;62;660300
Фея;Книжка;75;798750
Graco;"Duo (2 в 1)";210;2236500
Jetem;"(Capella) Surf";85;905250
Jetem;"(Capella) Breeze";120;1278000
Jetem;"(Capella) Scooter";115;1224750
Jetem;"(Capella) Dandy";88;937200
Jetem;"(Capella) Skywalker";85;905250
Jetem;"(Capella) Space Shuttle";75;798750
Jetem;"(Capella) Fairy";86;915900
Jetem;"(Capella) Bravo";85;905250
Jetem;"(Capella) Grace";85;905250
Jetem;"(Capella) Jazz";94;1001100
Jetem;"(Capella) Gran Turismo";85;905250
Jetem;"(Capella) Berry";71;756150
Jetem;"(Capella) EasyGo (3 в 1)";100;1065000
Jetem;"(Capella) Flyer";75;798750
Jetem;"(Capella) Mobile";88;937200
Jetem;"(Capella) Rocker";88;937200
Jetem;"(Capella) Funny zone";70;745500
"Baby Care";Top-Top;70;745500
"Baby Care";"Tom and Mary";53;564450
"Baby Care";Flip;51;543150
"Baby Care";Pilot;54;575100
"Baby Care";Walker;49;521850
"Baby Care";Simple;55;585750
"Baby Care";Panda;55;585750
"Сонный Гномик";Зайчик;80;852000
Womar;Siberia;77;820050
Womar;Crocus;75;798750
Womar;Snowflake;75;798750
Womar;Wintry;70;745500
Womar;Excluzive;75;798750
Womar;Aurora;70;745500
СКВ-Компани;"93003 (73003)";228;2428200
"Золотой Гусь";"Растем весело (7 предметов)";115;1224750
Ведрусс;Ням-Ням;70;745500
СКВ-Компани;"93001 (73001)";204;2172600
СКВ-Компани;11111;107;1139550
СКВ-Компани;11011;78;830700
СКВ-Компани;23200;170;1810500
СКВ-Компани;53403;199;2119350
СКВ-Компани;70110;80;852000
Гандылян;"Ванечка (колесо-качалка)";198;2108700
Гандылян;"Дашенька (колесо-качалка)";180;1917000
Гандылян;"Аистёнок мини";319;3397350
Гандылян;"Анастасия (маятник)";276;2939400
Ведрусс;Радуга-4;150;1790000
Гандылян;"Чу-Ча (маятник)";263;2800950
Ведрусс;Раиса;190;2090000
Гандылян;"Лейла (колесо-качалка)";204;2172600
СКВ-Компани;23011;85;905250
Гандылян;"Анжелика (поперечный маятник)";327;3482550
Гандылян;"Диана new (маятник)";348;3706200
Гандылян;"Тереза (трансформер без качания)";290;3088500
Erbesi;Brilliante;832;8860800
Giovanni;Dolce;470;5005500
Гандылян;"Симоник (колесо-качалка)";198;2108700
Giovanni;Luminoso;378;4025700
СКВ-Компани;23111;120;1278000
Гандылян;"Полина (маятник)";264;2811600
Гандылян;"Агнесса (маятник)";335;3567750
Giovanni;Belcanto;310;3301500
Erbesi;Hippy;390;4153500
Гандылян;"Даниэль (маятник)";357;3802050
Erbesi;Incanto;588;6262200
Гандылян;"Шарлотта (маятник)";376;4004400
Гандылян;"Софи (колесо)";284;3024600
Гандылян;"Джулия (бабочка) (колесо-качалка)";287;3056550
Maclaren;"Quest Sport";340;3621000
Maclaren;"Techno XT";410;4366500
Maclaren;"Techno XLR";555;5910750
Maclaren;"Twin Techno";630;6709500
Maclaren;Volo;190;2023500
Maclaren;"Juicy Couture";480;5112000
Maclaren;"Ryder Owen Tartan";520;5538000
Maclaren;"Quest Denim Indigo";380;4047000
Maclaren;"Quest Beatles Yellow Submarine";480;5112000
Maclaren;"Quest Heritage Buggy";380;4047000
Велар;М11;390;4153500
Велар;М10;310;3301500
"Красная звезда";"Тимоша (С 312)";190;2023500
"Красная звезда";"Викторина (С 352)";307;3269550
"Красная звезда";"Злата (С 353)";198;2108700
"Красная звезда";"Елизавета (С 553)";428;4558200
"Красная звезда";"Карина (С 555)";448;4771200
"Красная звезда";"Валерия (С 707)";661;7039650
"Красная звезда";"Руслан (С 725)";390;4153500
"Красная звезда";"Аэлита (С 888)";603;6421950
"Красная звезда";"С 454";460;4899000
"Heitmann Felle";Eisbarchen;90;958500
"Красная звезда";"С 257";400;4260000
"Золотой Гусь";"Coolcar (7 предметов)";92;979800
"Красная звезда";"С 421";360;3834000
"Красная звезда";"С 438";300;3195000
"Красная звезда";"С 445";330;3514500
"Красная звезда";"С 492";330;3514500
"Красная звезда";"С 575";345;3674250
"Красная звезда";"С 566";460;4899000
"Золотой Гусь";"Little Friend (7 предметов)";92;979800
"Золотой Гусь";"Аленка (7 предметов)";91;969150
"Золотой Гусь";"Антошка (7 предметов)";170;1810500
"Золотой Гусь";"Анюта (7 предметов)";0;0
"Золотой Гусь";"Бэби Элит (8 предметов)";240;2556000
"Золотой Гусь";"Веселые овечки (7 предметов)";160;1704000
"Золотой Гусь";"Ёжик Топа-Топ (8 предметов)";121;1288650
"Золотой Гусь";"(10 предметов)";170;1810500
"Золотой Гусь";"Little Friend (3 предмета)";30;319500
"Золотой Гусь";"Растем весело (3 предмета)";30;319500
"Золотой Гусь";"Coolcar (3 предмета)";35;372750
"Золотой Гусь";"Аленка (3 предмета)";30;319500
"Золотой Гусь";"Антошка (3 предмета)";50;532500
"Золотой Гусь";"Анюта (3 предмета)";30;319500
"Золотой Гусь";"Веселые овечки (3 предмета)";40;426000
"Золотой Гусь";"Бэби Элит (3 предмета)";55;585750
"Золотой Гусь";"Ёжик Топа-Топ (3 предмета)";30;319500
Simplicity;"(4 в 1)";240;2556000
"Silver Cross";Fizz;210;2236500
"Silver Cross";Pop;202;2151300
"Silver Cross";Dazzle;320;3408000
"Silver Cross";Halo;300;3195000
Гандылян;"Аистенок мини люкc";330;3514500
Гандылян;Аистенок;329;3503850
Гандылян;Александра;345;3674250
Гандылян;Жасмин;260;2769000
Гандылян;Иришка;335;3567750
Гандылян;Ли-Ли;145;1544250
Гандылян;"Моника (маятник)";385;4100250
Гандылян;Сильвия;445;4739250
Гандылян;"Сильвия Люкс";462;4920300
СКВ-Компани;70100;130;1384500
4moms;MamaRoo;320;3408000
Tako;"Jumper Duo (2 в 1)";585;6230250
Tako;"Acoustic (2 в 1)";448;4771200
Tako;"Balilla (2 в 1)";480;5112000
Tako;"Captiva (2 в 1)";355;3780750
Tako;"Laret (2 в 1)";415;4419750
Tako;"Lila (2 в 1)";299;3184350
Tako;"Lungo (2 в 1)";439;4675350
Tako;"Venezia (2 в 1)";270;2875500
Tako;"Alive (2 в 1)";429;4568850
Tako;"Jumper X (2 в 1)";280;2982000
Tako;Drifter;210;2236500
Tako;Shaft;247;2630550
Tako;HPU;107;1139550
Nino;"Baile (6 предметов)";113;1203450
Nino;"Ganguro (6 предметов)";113;1203450
Nino;"El Amor (3 предмета)";40;426000
Nino;"Elefante (3 предмета)";40;426000
Nino;"Erizo (6 предметов)";113;1203450
Nino;"Gatito (6 предметов)";113;1203450
Nino;"Los Amigos (6 предметов)";113;1203450
Nino;"Morada (3 предмета)";0;0
Nino;"Paseo (6 предметов)";0;0
Nino;"Reno (6 предметов)";0;0
Бомбус;"Топтыжка (7 предметов)";93;990450
Бомбус;"Абэль (7 предметов)";169;1799850
Бомбус;"Бабочки (7 предметов)";160;1704000
Бомбус;"Бабочки (3 предмета)";30;319500
Бомбус;"Веселая семейка (7 предметов)";142;1512300
Бомбус;"Виконт (7 предметов)";240;2556000
Бомбус;"Давай поиграем (8 предметов)";115;1224750
Бомбус;"Давай поиграем (3 предмета)";24;255600
Бомбус;"Дельфинчик (7 предметов)";90;958500
Бомбус;"Золушка (7 предметов)";230;2449500
Бомбус;"Изабель (8 предметов)";190;2023500
Jetem;Chopper;85;905250
Бомбус;"Изабель (3 предмета)";40;426000
Бомбус;"Инфанта (7 предметов)";240;2556000
Бомбус;"Королевский (8 предметов)";205;2183250
Jetem;Formica;87;926550
"Baby Care";"Family 95531";83;883950
Бомбус;"Кроха (7 предметов)";155;1650750
Бомбус;"Лунный мишка (7 предметов)";141;1501650
Бомбус;"Лунный мишка (3 предмета)";28;298200
Бомбус;"Любавушка (7 предметов)";115;1224750
"Baby Care";"Family 95962";85;905250
Бомбус;"Малышок (7 предметов)";207;2204550
Jetem;"Lexus Trike Next Generation";135;1437750
Бомбус;"Маргарита (7 предметов)";155;1650750
Бомбус;"Мариша (7 предметов)";80;852000
Бомбус;"Мариша (3 предмета)";24;255600
Бомбус;"Мила (7 предметов)";190;2023500
Бомбус;"Нежность (7 предметов)";185;1970250
Бомбус;"Павлуша (8 предметов)";132;1405800
"Baby Care";"3 Wheel Scooter CMC008";38;404700
"Baby Care";"Scooter min";40;426000
"Baby Care";Scooter;48;511200
Бомбус;"Павлуша (3 предмета)";28;298200
Бомбус;"Светик (7 предметов)";135;1437750
Lexus;"Trike Next";140;1491000
Бомбус;"Сладкий сон (7 предметов)";135;1437750
Бомбус;"Сладкий сон (3 предмета)";40;426000
Бомбус;"Слоники (8 предметов)";145;1544250
Бомбус;"Слоники (3 предмета)";30;319500
Lexus;"Trike Grand New";150;1597500
Бомбус;"Солнечный денёк (7 предметов)";135;1437750
Бомбус;"Соня (6 предметов)";90;958500
Бомбус;"Топтыжкина радость (7 предметов)";130;1384500
Бомбус;"Три медведя (7 предметов)";175;1863750
Бомбус;"Тэдди Бир (7 предметов)";140;1491000
Бомбус;"Юленька (7 предметов)";110;1171500
Бомбус;"Юленька (3 предмета)";27;287550
Ides;"Compo 2";250;2662500
Ides;"Compo Picnic";250;2662500
S-line;Polly;128;1363200
Рио;Аленка;275;2928750
Рио;Вероника;134;1427100
Рио;"Вероника с сердечком";146;1554900
Рио;"Виктория-2 (колесо-качалка)";140;1491000
Рио;"Виктория-2 (колесо-качалка/ящик)";182;1938300
Рио;"Виктория-2 (маятник)";220;2343000
Рио;Джулия;188;2002200
Рио;"Джулия с сердечком";190;2023500
Рио;Мишка;180;1917000
Рио;Яна;180;1917000
;"Белокопытный пони средний";280;2982000
;"Белокопытный Ночка средний";300;3195000
Рио;"Яна с сердечком";183;1948950
Riko;"Amigo (2 в 1)";279;2971350
Лель;"АБ 33.2";430;4579500
Лель;"АБ 34";396;4217400
Лель;"БИ 36 Бриллиант";520;5538000
;"Единорог малый";280;2982000
;"Единорог средний";330;3514500
;"Зебра малый";250;2662500
;"Зебра средний";300;3195000
;"Королевский пони средний";330;3514500
;"Королевский пони малый";280;2982000
Лель;"АБ 55";97;1033050
Лель;"АБ 35";622;6624300
Лель;"АБ 56";250;2662500
;"Черная лошадка Ночка малый";250;2662500
;"Черная лошадка Ночка средний";300;3195000
Adamex;"Mars (2 в 1)";315;3354750
Adamex;Young;170;1810500
Adamex;"Classic (2 в 1)";314;3344100
Adamex;"Royal (2 в 1)";300;3195000
Adamex;"Nitro (2 в 1)";320;3408000
"Baby Care";Polo;100;1065000
"Baby Care";Vento;55;585750
Giovanni;"Fantasia Lux";380;4047000
Giovanni;Fantasia;363;3865950
Giovanni;Magico;455;4845750
Giovanni;"Marinero Baby (4 предмета)";175;1863750
Giovanni;"Premium (4 предмета)";175;1863750
Giovanni;"Teddy (4 предмета)";175;1863750
Jetem;Gracia;125;1331250
Jetem;Magic;140;1491000
Jetem;Capitan;115;1224750
Jetem;Piero;120;1278000
Jetem;"(Capella) Premium";83;883950
Jetem;"(Capella) Relax";105;1118250
Jetem;Roadster-1;199;2119350
Maclaren;Triumph;250;2662500
Jetem;Ranger;270;2875500
Jetem;"Land Rover Discovery 4 KL-7006F";320;3408000
Maclaren;"Twin Triumph";475;5058750
Jetem;Storm;270;2875500
Jetem;Scat;245;2609250
Jetem;Mini;145;1544250
Jetem;Coupe;188;2002200
Jetem;"Star Art";200;2130000
Jetem;Boxter;190;2023500
Jetem;Beetle;188;2002200
Jetem;"X-sport 5118";220;2343000
Jetem;"Police 2126";130;1384500
Jetem;"Super Sport";130;1384500
Espiro;Neo;90;958500
Jetem;Bugatti;125;1331250
Jetem;"Rover V005";128;1363200
Jetem;Bentley;125;1331250
Jetem;SWX;320;3408000
Jetem;"Mersedes Benz W221";285;3035250
Jetem;"Jaguar XFR KL-7004F (Тёмно-синий металлик)";255;2715750
Jetem;"Volvo С70 KL-7005F (Вишнёвый металлик)";250;2662500
Jetem;"Lamborghini Murcielago KL-7001F";260;2769000
Jetem;Fast;102;1086300
Jetem;"Mega Tredz ATV 12B";460;4899000
Jetem;"Mega Tredz Grizzly 24B";620;6603000
"PP Toy Cars";"Diesel Tractor";0;0
Riko;Avant;197;2098050
Riko;"Balerina (2 в 1)";275;2928750
Lonex;"Speedy V Light (2 в 1)";405;4313250
Lonex;"Speedy V Light Velure (2 в 1)";460;4968000
Lonex;"Speedy Verts (2 в 1)";375;4050000
Gusio;Мишка;70;745500
Gusio;Солнышко;70;745500
"Bertoni (Lorelli)";"BW 4";32;342400
"Bertoni (Lorelli)";"BW 10";37;395900
"Bertoni (Lorelli)";"BW 14";35;374500
;"ET 128В-18";79;841350
;"ET 109В-11";70;745500
Riko;"Satino (2 в 1)";290;3088500
Riko;"Alpina (2 в 1)";290;3088500
;"ET 109В-14";70;745500
;"Элит A 23-2";71;756150
;"ET 101B-7";68;724200
;"ET 109B-17";71;756150
Riko;"Eliza (2 в 1)";314;3344100
Riko;"Ranger (2 в 1)";261;2779650
Riko;"Charlotte (2 в 1)";289;3077850
Riko;"Carmen (2 в 1)";293;3120450
Riko;Tuskan;164;1746600
Riko;"Driver PC";208;2215200
Riko;Grand;245;2609250
Riko;Master;219;2332350
Riko;Viper;240;2556000
Riko;"Blanca (2 в 1)";315;3354750
"Baby Design";Dumbo;65;692250
"Baby Design";Rino;78;830700
"Baby Design";Handy;99;1054350
"Baby Design";"Sprint Plus (2 в 1)";240;2556000
"Baby Design";Loko;105;1118250
Espiro;Delta;140;1491000
Espiro;Sigma;115;1224750
Espiro;Magic;182;1938300
Espiro;Active;110;1171500
Espiro;Vayo;120;1278000
Espiro;"Modena Silver Line (2 в 1)";387;4121550
Riko;"Anabel (2 в 1)";320;3408000
Riko;"Axel (V-Max)";247;2630550
Riko;"Katrin (2 в 1)";314;3344100
Riko;"Royal (2 в 1)";291;3099150
Bebetto;"Luca (2 в 1)";446;4772200
Bebetto;"Aquarius (2 в 1)";464;4964800
;"Квадроцикл 789";240;2556000
Bebetto;"Torino (2 в 1)";422;4515400
;"BMW (маленький)";135;1437750
Bebetto;"Solaris (2 в 1)";422;4515400
;"Квадрацикл A-22";230;2449500
;"Land rover";250;2662500
;Туарег;270;2875500
Bebetto;"Pascal (2 в 1)";448;4793600
Bebetto;"Fabio (2 в 1)";432;4622400
Bebetto;"Expander (2 в 1)";356;3809200
;"Минни Купер";230;2449500
;"Мерседес SLR";230;2449500
;"BMW X6";300;3195000
Bebetto;"Bono Classic";200;2140000
Seca;Малыш;30;319500
Lonex;"Speedy Style (2 в 1)";335;3567750
Lonex;"Speedy Ecco (2 в 1)";435;4698000
Lonex;"Julia Baronessa (2 в 1)";315;3354750
;Тачки;40;426000
;Китти;40;426000
;Ben10;40;426000
;"Самокат 808 ";45;479250
Lonex;"Classic Retro (2 в 1)";435;4698000
Lonex;"Classic Retro Len (2 в 1)";465;5022000
Lonex;"Classic Len (2 в 1)";450;4792500
Lonex;"Classic Ecco (2 в 1)";420;4473000
"Bertoni (Lorelli)";"SU 7732А";58;620600
Bebetto;Explorer;284;3038800
Bebetto;"Holland (2 в 1)";356;3809200
Bebetto;Joker;233;2493100
Bebetto;"Murano (2 в 1)";344;3680800
Bebetto;"Super Kid";260;2782000
"STM (Recaro)";"Solar Seatfix";245;2609250
Sundays;"Audi B20A Красный";115;1224750
Bebetto;Tiger;278;2974600
Sundays;"Harley Davidson B19 Черный";185;1970250
Sundays;"Mini Cooper JE118 Розовый";228;2428200
;"Тигр малый";250;2662500
;"Тигр средний";300;3195000
Bebetto;"Vulcano (2 в 1)";351;3755700
Sundays;"KL108 Желтый";239;2545350
Sundays;"Rover JJ012 Черный";264;2811600
Sundays;"Audi B28A Белый";270;2875500
Bebetto;Nico;294;3145800
Sundays;"BMW B28B Черный";270;2875500
Bebetto;Filippo;217;2321900
Bebetto;Magelan;185;1979500
Sundays;JS007;225;2396250
Bebetto;"Magnum (2 в 1)";364;3894800
Sundays;"BMW X8 A061 Черный";295;3141750
Sundays;D304;235;2502750
Adamex;"Nitro Deluxe (2 в 1)";360;3834000
Adamex;Galaxy;184;1959600
Adamex;"Enduro (2 в 1)";323;3439950
Aneco;"Venezia (2 в 1)";300;3195000
Vegas;Coco;56;596400
Vegas;Cocolatex;76;809400
Vegas;Spring;68;724200
Heyner;"MaxiProtect ERGO SP";135;1451250
Дэми;№2;55;564200
Heyner;"SafeUp XL";47;505250
Heyner;"Baby SuperProtect";82;881500
Heyner;"MaxiProtect AERO SP";104;1118000
Heyner;"MultiProtect ERGO SP";166;1784500
Плитекс;"Юниор (для коляски или люльки) Ю-780-03";17;170800
Плитекс;Юниор;28;282800
Плитекс;"Юниор-Premium (ЮП-119-01)";21;207200
Caretero;Spaser;117;1263600
Caretero;Maximus;180;1944000
Плитекс;"Юниор-Плюс (ЮС-119-01)";25;249200
Caretero;Gringo;102;1101600
Caretero;Monaco;124;1339200
Плитекс;"Комфорт-Стандарт-1 (КС-119-01)";35;357400
" ";"Бугатти (7628)";50;532500
Caretero;Helio;162;1749600
Caretero;Alfa;77;831600
" ";"Мини Квадро";50;532500
Tako;"Warrior (2 в 1)";285;3035250
" ";"Панда (7601)";50;532500
Anmar;"Hilux (2 в 1)";225;2396250
" ";"Улыбка (с ручкой)";65;692250
Anmar;"Zico (2 в 1)";265;2822250
Антел;Алита-2;100;1065000
Антел;Алита-3;130;1384500
Антел;Алита-4;169;1799850
Антел;Алита-5;131;1395150
Антел;Алита-6;176;1874400
Caretero;Magnus;120;1296000
Caretero;Primus;130;1404000
Caretero;Royo;135;1458000
Canpol;«Зоопарки»;64;681600
Canpol;"«Лев» (озвученный)";67;713550
Canpol;"«Кролик» (озвученный)";63;670950
Canpol;"«Медвежонок» (озвученный)";62;660300
Canpol;«Мишка»;61;649650
Canpol;«Слон»;59;628350
Canpol;«Ферма»;72;766800
Canpol;"«Королевство зверей»";90;958500
Canpol;"«Подводное королевство»";72;766800
Canpol;"«Радужный луг»";84;894600
Caretero;Astral;57;615600
Caretero;Grande;135;1458000
Caretero;"Medio Safari";115;1242000
Caretero;"Medio Classic";115;1242000
Caretero;Simplo;87;939600
Caretero;Fly;65;702000
Caretero;Fenix;105;1134000
"Baby Care";Voyager;80;852000
"Baby Care";"Grand Voyager";80;852000
"Baby Care";"BSO Sport";135;1437750
"Baby Care";"ESO Sport Premium";131;1395150
Caretero;Ibiza;123;1328400
Caretero;"Sport Turbo";130;1404000
Caretero;"Diablo XL";150;1620000
"Baby Care";"Sport Evolution";155;1650750
Heyner;"MultiProtect Aero SP";151;1623250
"Baby Care";"BSO Basic";135;1437750
"Baby Care";"ESO Basic Premium";140;1491000
Heyner;"Capsula Protect 3D";195;2096250
"Baby Care";"Side Armor";145;1544250
Graco;"Stadium Duo";230;2449500
"Baby Care";Encore;145;1544250
"Baby Care";"Pinguin plus";88;937200
"Baby Care";"Booster 1";30;319500
"Baby Care";"Basic Evolution";135;1437750
"Baby Care";Cocoon;199;2119350
"Baby Care";"Side Armor Evolution";155;1650750
"Baby Care";Diadem;98;1043700
Caretero;Spider;97;1047600
"Baby Care";"King Pinguin";130;1384500
Caretero;ViVo;87;939600
"Baby Design";"Lupo (2 в 1)";375;3993750
Espiro;Capri;70;745500
Canpol;"«Весенняя поляна» (6 мелодий)";40;426000
Canpol;"«Мишка с друзьями»";40;426000
Canpol;"«Коровы и гиппопотамы»";0;0
Canpol;"«Мишки и утки»";0;0
Canpol;«Улыбки»;27;287550
Canpol;«Эльфы»;25;266250
Canpol;"«Цветные птицы»";27;287550
Canpol;"«Водный мир»";28;298200
Canpol;"«Птичий рай»";26;276900
Canpol;«Животные»;32;340800
Canpol;«Пузырьки»;30;319500
Canpol;«Мишки»;32;340800
Canpol;"«Животные с хвостиками»";32;340800
Canpol;"«Мишки с леденцом»";30;319500
Canpol;"«Цветные пчелы»";0;0
"Bertoni (Lorelli)";Concord;80;856000
Canpol;"«Веселый зоопарк»";0;0
Canpol;"«Мишки в шапочках»";0;0
Canpol;"«Мишки под зонтиком»";39;415350
Canpol;"«Девочки-мишки под зонтиком»";39;415350
Canpol;"«Животные под зонтиком»";40;426000
Cam;Micro;150;1597500
Inglesina;Zuma;259;2758350
"Bertoni (Lorelli)";"Bodyguard Lifesaver";57;609900
Canpol;"«Цветные друзья»";56;596400
Canpol;"«Цветы и птицы»";0;0
Canpol;"«Лунная ночь»";0;0
Canpol;"«Морская компания»";0;0
Canpol;"«Цветущий луг»";42;447300
Canpol;"«Молочная страна»";0;0
Canpol;"«Веселое сафари»";43;457950
"Bertoni (Lorelli)";Mondeo;80;856000
Canpol;«Мапеты»;38;404700
Canpol;«Гиппопотамы»;0;0
Peg-Perego;"GT3 Naked";670;7135500
Peg-Perego;Si;335;3567750
Peg-Perego;"Book Classiko";450;4792500
"Philips Avent";"Natural SCF 330/12 (86530) (с системой хранения молока Via)";82;865000
"Philips Avent";"Natural SCF 330/20 (86820) (без системы хранения молока)";68;701000
Peg-Perego;"Pliko P3 Compact";440;4686000
Medela;Harmony;69;734850
Medela;"Mini Electric";125;1331250
Medela;Swing;210;2236500
Peg-Perego;"Pliko Switch Easy Drive";540;5751000
Ides;"Сargo plus";250;2662500
Peg-Perego;"Pliko Mini";230;2449500
Cam;Istante;283;3013950
Graco;"Sweet N Nuggle (Snuggleswing)";234;2492100
"Bertoni (Lorelli)";Pilot+;75;802500
"Bertoni (Lorelli)";Gama;74;791800
Бамбини;"Плюс (качалка) Э01.10.01";80;915200
Бамбини;"Плюс (маятник) Э01.10.03";118;1229800
Бамбини;"Плюс (ящик+маятник) Э01.10.02";151;1573000
Peg-Perego;Uno;445;4739250
Chicco;"Simplicity Top";165;1757250
"Bertoni (Lorelli)";City;187;2000900
"Bertoni (Lorelli)";"Zippy 2 Plus";103;1102100
Peg-Perego;Borsa;105;1118250
EasyGo;Holiday;108;1150200
Sundays;D140;160;1704000
EasyGo;Loop;154;1640100
Sundays;D366;320;3408000
Sundays;D426;453;4824450
Sundays;D457;505;5378250
Sundays;D304;386;4110900
Sundays;"D366 (комплект)";517;5506050
Sundays;"D 183 (от дождя)";27;287550
Sundays;"D 244 (от дождя)";36;383400
Sundays;"D 304 (от доджя)";43;457950
4Baby;Race;77;820050
4Baby;Zicco;122;1299300
4Baby;Shape;111;1182150
4Baby;City;127;1352550
4Baby;Guido;112;1192800
EasyGo;Milo;96;1022400
EasyGo;Senso;122;1299300
EasyGo;Vito;127;1352550
EasyGo;"Duo Comfort";194;2066100
Inglesina;Front;62;660300
"FD Design (ABC Design)";City;120;1278000
"FD Design (ABC Design)";"Easy Walker";155;1650750
"FD Design (ABC Design)";Flach;95;1011750
"FD Design (ABC Design)";Fortis;170;1810500
"FD Design (ABC Design)";Mini;65;692250
"FD Design (ABC Design)";Polo;120;1278000
"FD Design (ABC Design)";Talea;199;2119350
"Silver Cross";Oberon;0;0
"Silver Cross";"Sleepover Elegance";950;10117500
"Silver Cross";"Sleepover Deluxe";900;9585000
"Silver Cross";"Sleepover Sport";0;0
"Silver Cross";Balmoral;3500;37275000
"Dada Paradiso Group";"Glamour Dots (2 в 1)";365;3887250
"Bertoni (Lorelli)";Beta;77;823900
"Bertoni (Lorelli)";Bumper;80;856000
"Bertoni (Lorelli)";F1;125;1337500
"Bertoni (Lorelli)";"Grand Prix";80;856000
Roan;"Marita (2 в 1)";360;3834000
Плитекс;"Комфорт-Стандарт-2 (КС2-119-01)";38;383600
Hoco;"Champ S";0;0
"Dada Paradiso Group";"Carino (2 в 1)";332;3535800
"Dada Paradiso Group";"Etno Pasky (2 в 1)";340;3621000
Feretti;"Giraffe (6 предметов)";140;1491000
Feretti;"Jolly (6 предметов)";135;1437750
Feretti;"Juliet (6 предметов)";135;1437750
Feretti;"Jungle (6 предметов)";140;1491000
Feretti;"Lapin (6 предметов)";140;1491000
Feretti;"Lazy Donkey (6 предметов)";145;1544250
Feretti;"Little Cow (6 предметов)";145;1544250
Feretti;"Lucky Stars (6 предметов)";140;1491000
Плитекс;"Юниор (в трансформер) Ю-119-19";19;194600
Feretti;"Orsetti (6 предметов)";150;1597500
Плитекс;"EcoSoft (ЭКС-01)";42;433300
Плитекс;"EcoDream (ЭКД-01)";40;413100
Плитекс;"EcoLux (ЭКЛ-01)";54;558900
Плитекс;"EcoLat (ЭКТ-01)";59;604800
Feretti;"Orso di Cristallo (6 предметов)";155;1650750
Feretti;"Petit Bebe (6 предметов)";145;1544250
Feretti;"Pony (6 предметов)";140;1491000
Feretti;"Princess (6 предметов)";135;1437750
Feretti;"Rabbit (6 предметов)";145;1544250
Feretti;"Ricordo (6 предметов)";145;1544250
Feretti;"Romeo (6 предметов)";125;1331250
Feretti;"Safari (6 предметов)";125;1331250
Feretti;"Sleepy Bears (6 предметов)";145;1544250
Feretti;"Tropical Island (6 предметов)";115;1224750
Feretti;"Vintage Flowers (6 предметов)";150;1597500
Feretti;"Bella (6 предметов)";140;1491000
Feretti;"Bee (6 предметов)";135;1437750
Intex;"Easy Set 457x107 (54908)";357;3802050
"Baby Care";Avia;120;1278000
"Baby Care";"Buggy B01";43;457950
Intex;"Easy Set 457х91 (54914)";328;3493200
"Baby Care";"Buggy D11";39;415350
Intex;"Ultra Frame 488х122 (54922)";0;0
"Baby Care";Calipso;365;3887250
Intex;"Oval Frame Pool 549х305х107 (54932)";576;6134400
"Baby Care";"Citi Twin";170;1810500
"Baby Care";"City Style";85;905250
"Baby Care";Discovery;175;1863750
Intex;"Metal Frame 732х132 (54938)";0;0
Intex;"Metal Frame 457х107 (54940)";0;0
Intex;"Metal Frame 457х91 (54942)";0;0
"Baby Care";Eclipse;288;3067200
Intex;"Easy Set 457x91 (56412)";248;2641200
"Baby Care";Flash;58;617700
Intex;"Easy Set 366x76 (56422)";134;1427100
"Baby Care";"GT 4.0 Plus";160;1704000
Intex;"Easy Set 366x91 (56930)";109;1160850
"Baby Care";"Jogger Cruze";137;1459050
Intex;"Metal Frame 732x132 (54950)";1500;15975000
"Baby Care";"Manhattan Air-4S";350;3727500
Intex;"Easy Set 244x76 (56972)";0;0
Intex;"Metal Frame 366х76 (56994)";0;0
Intex;"""Король лев"" (57492NP)";60;639000
Intex;"Pirate Play Center 292х218х196 (57133NP)";0;0
Intex;"Easy Set 549х122 (54920)";0;0
Intex;"Oval Frame 610х366х122 (54934)";0;0
Intex;"Easy Set 549x120 (56905)";0;0
Intex;"Easy Set 305x76 (56922)";0;0
Intex;"Easy Set 366x91 (56932)";0;0
Intex;"Metal Frame 366х76 (56996)";0;0
Intex;"Metal Frame 305х76 (56997)";0;0
Intex;"Metal Frame 305х76 (56999)";0;0
Intex;"Игровой центр Винни Пух 297х193х135 (57451NP)";0;0
Intex;"Metal Frame 549x122 (57954)";0;0
Intex;"Rectangular Frame 260x160x65 (58980)";0;0
Intex;"Rectangular Frame 300x200x75 (58981)";0;0
Intex;"Игровой центр с распылителем Океан 254х196х79 (57454NP)";0;0
Intex;"Easy Set 305x76 (56920)";0;0
Intex;"Swim Center Pinwheel 229х56 (56494)";0;0
ПМДК;Премьер;60;639000
Starplast;"34x40x42см (32-506)";68;724200
"Baby Care";Michelle;324;3450600
Starplast;квадратная(25-515);0;0
"Baby Care";"New York";190;2023500
"Baby Care";Premier;165;1757250
"Baby Care";Rome;190;2023500
"Baby Care";Seville;185;1970250
"Baby Care";Sonata;315;3354750
"Baby Care";"Suprim (2 в 1)";385;4100250
"Baby Care";"Suprim Solo";237;2524050
"Baby Care";Voyager;95;1011750
"Baby Care";"Manhattan 4S";320;3408000
Starplast;25-515;59;628350
Sundays;ZY-004;135;1437750
Sundays;ZY-018;220;2343000
Sundays;ZY-020;298;3173700
Sundays;ZY-021;400;4260000
Гандылян;"Софи М (маятник)";400;4260000
Гандылян;"Джулия (бабочка) (маятник)";367;3908550
Гандылян;"Моника (колесо-качалка) ";340;3621000
Гандылян;"Шарлотта (колесо-качалка)";286;3045900
Гандылян;"Даниэль (колесо-качалка)";289;3077850
Гандылян;"Дашенька (маятник)";333;3546450
Гандылян;"Джозеппе (колесо-качалка)";275;2928750
Гандылян;"Джозеппе (маятник)";367;3908550
Гандылян;"Людмила (маятник продольный)";259;2758350
Гандылян;"Мишель (колесо-качалка)";350;3727500
Гандылян;"Мишель (маятник)";440;4686000
"Happy Baby";Catherine;410;4366500
"Happy Baby";Letitia;425;4526250
Гандылян;Арландо;350;3727500
Гандылян;Патрик;352;3748800
Гандылян;"Анжелика (колесо-качалка)";275;2928750
"Bertoni (Lorelli)";Elite;114;1219800
"Bertoni (Lorelli)";Jolly;76;813200
"Bertoni (Lorelli)";Royal;109;1166300
"Bertoni (Lorelli)";"Yam Yam";105;1123500
"Bertoni (Lorelli)";"Lady bird 2188K";56;599200
"Happy Baby";Samantha;360;3834000
"Happy Baby";Amanda;155;1650750
Sundays;ZY-006;109;1160850
Sundays;ZY-003;144;1533600
Sundays;ZY-019;240;2556000
Sundays;ZY-022;471;5016150
Sundays;ZY-029;637;6784050
Sundays;FS-1011;0;0
"Happy Baby";Linda;130;1384500
"Happy Baby";Cindy;145;1544250
"Happy Baby";Maria;80;852000
"Happy Baby";Atlant;145;1544250
"Happy Baby";"Taurus Deluxe";216;2300400
"Happy Baby";Taurus;174;1853100
"Happy Baby";Gelios;135;1437750
"Happy Baby";Oliver;175;1863750
"Happy Baby";Kevin;180;1917000
"Happy Baby";Steven;145;1544250
"Happy Baby";Oscar;85;905250
"Happy Baby";Tomas;190;2023500
"Happy Baby";Martin;155;1650750
"Happy Baby";Alex;150;1597500
"Silver Cross";Surf;680;7242000
"Happy Baby";"Alex Plus";160;1704000
"Happy Baby";Robin;105;1118250
"Happy Baby";"Walker Mikki";95;1011750
"Happy Baby";Michael;80;852000
Starplast;46-560;341;3631650
Flipper;Flipper;15;159750
Starplast;69-560;341;3631650
Starplast;50-560;372;3961800
Влана;Мокик;220;2343000
Sundays;FS-1011;89;947850
"Happy Baby";Woody;105;1118250
"Happy Baby";Charlie;125;1331250
Sundays;FS-1004;131;1395150
"Happy Baby";"Orbit ST-003";115;1224750
"Happy Baby";"Orbit ST-002";100;1065000
Sundays;ZLB-AH06;0;0
Влана;"Китти Пикник";220;2343000
Влана;Капуста;220;2343000
Sundays;ZLB-AH08+;0;0
Sundays;"Championship-2012, S108";0;0
Sundays;YD-S313;0;0
Sundays;ZLB-S02;0;0
Влана;"Бьянка (4 ящика)";222;2364300
Влана;"Бьянка (5 ящиков)";232;2470800
Влана;Бьянка;58;617700
Влана;Розы;58;617700
Влана;Франческо-1;58;617700
Влана;Франческо-2;58;617700
Влана;"Меандр (золото)";58;617700
Влана;"Меандр (серебро)";58;617700
Влана;"Меандр (фисташка)";58;617700
Lexus;"Trake Vip";164;1746600
"Happy Baby";"Orbit ST-001";62;660300
Maclaren;Globetrotter;225;2396250
Maclaren;"Mark II";250;2662500
Maclaren;"Quest Zodiac";380;4047000
Maclaren;Spitfire;433;4611450
Maclaren;"Twin Triumph Denim";485;5165250
Graco;"Evo (2 в 1)";520;5538000
Amalfy;Frosh;115;1224750
Quatro;Mini;72;766800
Quatro;Monza;203;2161950
Starplast;70-560;0;0
Quatro;Rally;221;2353650
Quatro;Caddy;162;1725300
Quatro;Cross;185;1970250
Quatro;Valencia;173;1842450
Quatro;Rosa;170;1810500
Quatro;Fifi;153;1629450
Quatro;Nafi;150;1597500
Quatro;Vela;153;1629450
Jette;"Loop Jimmy";220;2343000
Deltim;"Voyager с люлькой 284/285/223";0;0
Quatro;Monaco;135;1437750
Quatro;Coala;100;1065000
Quatro;Mauro;123;1309950
Quatro;Leo;90;958500
Quatro;Giraffe;80;852000
Deltim;"Voyager Soft";307;3269550
Quatro;Safari;84;894600
Quatro;"Lulu 1";95;1011750
Quatro;"Lulu 2";105;1118250
Deltim;Premier;0;0
Влана;"Влана Бьянка";80;852000
Jetem;"Carrera (2 в 1)";405;4313250
Navington;Galeon;460;4899000
Jetem;"Castle (Capella S-803)";250;2662500
Papaloni;"Джованни (120/60)";269;2864850
Papaloni;"Винни (маятник)";365;3887250
Navington;Corvet;458;4877700
Navington;Caravel;445;4739250
Jetem;City;130;1384500
Jetem;"Clover (Capella S-802)";210;2236500
Lonex;Sport;265;2822250
Navington;Cadet;295;3141750
Jetem;"Comfort 4";170;1810500
Marimex;Bemix;235;2502750
Marimex;Classic;207;2204550
Marimex;Marsel;235;2502750
Marimex;Ross;185;1970250
Marimex;Tesso;235;2502750
Marimex;Vito;190;2023500
Jetem;Concept;156;1661400
Jetem;"Cozy (Capella S-801)";205;2183250
Jetem;"Elegant Twin";250;2662500
Jetem;Elegant;135;1437750
Papaloni;"Vitalia (маятник) 125/65";405;4313250
Jetem;Holiday;90;958500
Papaloni;"Olivia 760";480;5112000
Jetem;London;139;1480350
Jetem;"Mamba (2 в 1)";510;5431500
Papaloni;"Olivia 650";420;4473000
Jetem;"N-Joy (2 в 1)";383;4078950
Papaloni;"Olivia 510";342;3642300
Jetem;Paris;115;1224750
Papaloni;"Luna 760";455;4845750
Papaloni;"Luna 650";380;4047000
Jetem;Picnic;90;958500
Papaloni;"Aura (125/65)";350;3727500
Papaloni;"Luna 125/65";440;4686000
Jetem;"Pramy Luxe";430;4579500
Jetem;Sydney;205;2183250
Jetem;Tokyo;185;1970250
Jetem;Tourneo;140;1491000
Jetem;"Turbo 3S";390;4153500
Jetem;"Turbo 4";356;3791400
"Tiny Love";"Мобиль с ночником и проектором Волшебная лампа";110;1171500
"Tiny Love";"Бум Бокс Моя Принцесса (3 в 1)";120;1278000
Jetem;"Turbo 4S";362;3855300
"Tiny Love";"Бум-Бокс (3 в 1)";120;1278000
"Tiny Love";"Лесное озеро";95;1011750
"Tiny Love";"Остров сладких грёз с пультом и ночником";105;1118250
"Tiny Love";Классический;110;1171500
"Tiny Love";"Веселая Африка (2 в 1)";55;585750
"Tiny Love";"Tiny Princess (на автокресло или коляску)";55;585750
"Tiny Love";"музыкальный мобиль Tiny Princess";105;1118250
"Tiny Love";"на кроватку День и ночь";80;852000
"Tiny Love";"с игровым центром ""Зоосад"" (Морские приключения, Kick&Play)";117;1246050
Влана;"Меандр (золото)";80;852000
Влана;"Меандр (серебро)";80;852000
Влана;"Меандр (фисташка)";80;852000
Влана;Розы;80;852000
Влана;Франческо-1;80;852000
Влана;Бьянка;290;3088500
Влана;"Меандр (золото)";290;3088500
Влана;"Меандр (серебро)";290;3088500
Влана;"Меандр (фисташка)";290;3088500
Влана;Розы;290;3088500
Влана;Франческо-2;290;3088500
Влана;"АНГЕЛОЧКИ new";290;3088500
BabyOk;Onda;38;404700
BabyOk;"Onda Evolution ";50;532500
"Tiny Love";"""Принцесса Tiny"" с игровым центром (зеркало, 5 игрушек)";117;1246050
"Tiny Love";"""Разноцветное Сафари""";135;1437750
"Tiny Love";"""Лесное озеро""";117;1246050
"Tiny Love";"""Моя принцесса"" ";135;1437750
"Tiny Love";"с дугами и встроенной интерактивной панелью ""Удивительный концерт"" ";104;1107600
"Tiny Love";"""Остров поющей обезьянки""";120;1278000
"Tiny Love";"""Солнечный денёк""";93;990450
"Tiny Love";"""Мои маленькие открытия""";90;958500
"Tiny Love";"""Самый большой - Дачный""";88;937200
"Tiny Love";"""Божья коровка"" ";56;596400
"Tiny Love";"""Лягушка"" ";56;596400
"Tiny Love";"«Рассвет в джунглях» ";103;1096950
"Tiny Love";"""Удивительные открытия""";117;1246050
Maman;LS-B202;40;426000
Maman;LS-B210;45;479250
Maman;LS-B211;43;457950
Maman;LS-B302;55;585750
Maman;LS-C001;22;234300
Maman;VM2400;185;1970250
Maman;WT-446;88;937200
Maman;WT-448;98;1043700
Maman;"Я расту! LD-805F";240;2556000
Maman;"Я расту! 819E ";185;1970250
Maman;"Я расту! AA3100 ";85;905250
Maman;"Я расту! FD-D601 ";103;1096950
"Сонный Гномик";"Золушка (7 предметов)";125;1331250
Велар;"Карапуз М5";140;1491000
Велар;"Кроха М5 ";135;1437750
Велар;"Малютка М2";163;1735950
Велар;"Малютка М5";130;1384500
"Сонный Гномик";"Утята (7 предметов)";135;1437750
Ведрусс;Кира-1;130;1390000
"Сонный Гномик";"Пчелки (7 предметов)";120;1278000
Ведрусс;"Лана-2 ";135;1390000
Ведрусс;"Радуга ";144;1490000
"Сонный Гномик";"Пушистик (7 предметов)";157;1672050
"Сонный Гномик";"Пуговки (7 предметов)";157;1672050
Ведрусс;Кира-4;152;1790000
Ведрусс;"Раиса (с маятником)";241;2490000
Ведрусс;Мишка-1;120;1278000
Ведрусс;Мишка-2;140;1491000
Ведрусс;Мишка-5;133;1416450
"FD Design (ABC Design)";Diadem;93;990450
"FD Design (ABC Design)";"Encore Evolution";198;2108700
"FD Design (ABC Design)";"Fashion Sport Evolution";150;1597500
"FD Design (ABC Design)";"Royal Baby Evolution";195;2076750
"FD Design (ABC Design)";"Travel Fit I-Fix";195;2076750
"Сонный Гномик";"Считалочка (7 предметов)";110;1171500
"Сонный Гномик";"Мишкин сон (7 предметов)";108;1150200
Brevi;"Smart Silverline";145;1544250
Brevi;"Grand Prix Silverline T2";201;2140650
Brevi;"Grand Prix";195;2076750
Brevi;"Booster Plus";65;692250
Brevi;"Tao b.fix";350;3727500
"Сонный Гномик";"Мечта (7 предметов)";166;1767900
"Сонный Гномик";"Маленькая фея (7 предметов)";150;1597500
"Сонный Гномик";"Ля-ля-ля 125/65 (7 предметов)";167;1778550
"Сонный Гномик";"Ля-ля-ля 120/60 (7 предметов)";166;1767900
"Сонный Гномик";"Лунный Зай 125х65 (7 предметов)";247;2630550
"Сонный Гномик";"Лунный Зай 120х60 (7 предметов)";245;2609250
"Сонный Гномик";"Лимпопо (7 предметов)";115;1224750
"Сонный Гномик";"Лежебоки (7 предметов)";125;1331250
"Сонный Гномик";"Каникулы (7 предметов)";130;1384500
"Сонный Гномик";"Заяц (7 предметов)";140;1491000
"Сонный Гномик";"Африка (7 предметов)";125;1331250
"Сонный Гномик";"Акварель (7 предметов)";125;1331250
"Сонный Гномик";"Считалочка (3 предмета)";30;319500
Brevi;"Aston B.Fix";270;2875500
Brevi;Tao;240;2556000
Brevi;"Touring Sport";170;1810500
"Сонный Гномик";"Акварель (3 предмета)";30;319500
"Сонный Гномик";"Африка (3 предмета)";30;319500
"Сонный Гномик";"Кантри (3 предмета)";54;575100
"Сонный Гномик";"Лежебоки (3 предмета)";30;319500
"Сонный Гномик";"Лимпопо (3 предмета)";38;404700
"Сонный Гномик";"Лошадка (3 предмета)";59;628350
"Сонный Гномик";"Лунный Зай (3 предмета)";55;585750
"Сонный Гномик";"Ля-ля-ля (3 предмета)";43;457950
"Сонный Гномик";"Маленькая фея (3 предмета)";38;404700
"Сонный Гномик";"Мишкин сон (3 предмета)";30;319500
"Сонный Гномик";"Пуговки (3 предмета)";44;468600
"Сонный Гномик";"Пушистик (3 предмета)";51;543150
"Сонный Гномик";"Пчёлки (3 предмета)";30;319500
"Сонный Гномик";Считалочка;36;383400
Inglesina;"Huggy Multifix";231;2460150
"Сонный Гномик";Пчелки;36;383400
"Сонный Гномик";Пушистик;47;500550
"Сонный Гномик";"Мишкин сон";32;340800
"Сонный Гномик";Ля-ля-ля;72;766800
"Сонный Гномик";"Лунный Зай";85;905250
"Сонный Гномик";Лимпопо;35;372750
"Сонный Гномик";Лежебоки;36;383400
"Сонный Гномик";Каникулы;36;383400
BabyOk;Cavalletto;90;958500
"Сонный Гномик";Африка;36;383400
"Сонный Гномик";Акварель;36;383400
"Сонный Гномик";"Бамбук (одеяло+подушка)";45;479250
"Сонный Гномик";"Заяц (3 предмета)";44;468600
"Сонный Гномик";"Синтепон (одеяло+подушка)";28;298200
Inglesina;"Marco Polo";306;3258900
Inglesina;Moovy;160;1704000
NeoNato;Riccione;160;1704000
Лель;"Императорский БИ 31";550;5857500
"Золотой Гусь";"Little Friend";29;308850
"Золотой Гусь";"Мишка-царь (8 предметов)";130;1384500
"Золотой Гусь";"Мишутка (7 предметов)";92;979800
Inglesina;"Magellano ";225;2396250
Chicco;I-Feel;179;1906350
Maclaren;Rocker;168;1789200
Tako;HBU;90;958500
"Bertoni (Lorelli)";Bravo;73;781100
Hoco;Falcon;158;1682700
Chicco;"Lite Way Top";210;2236500
Kiddy;"Relax Pro";200;2130000
Kiddy;"Evolution Pro";280;2982000
Kiddy;"Cruiser Pro";260;2769000
Kiddy;"CruiserFix Pro";285;3035250
Велар;"КБ 06";126;1341900
Велар;"Карапуз М2 ";179;1906350
Велар;"Карапуз М3";204;2172600
NeoNato;Breeze;115;1224750
Kiddy;"Guardian Pro 2";370;3940500
Kiddy;"GuardianFix Pro 2";400;4260000
"Золотой Гусь";"Лапушки (8 предметов)";130;1384500
Фея;Гном;20;213000
Recaro;"Isofix Base";140;1491000
Recaro;"Young Profi Plus";290;3088500
Recaro;"Young Profi Plus ";54;575100
Recaro;"Young Profi Plus ";20;213000
Recaro;"Young Profi Plus ";20;213000
Recaro;"Young Profi Plus ";20;213000
Recaro;Recaro;68;724200
Recaro;"Young Profi Plus Bugaboo Cameleon";40;426000
Recaro;"TFK для шасси Buggster";40;426000
Recaro;"для шасси Joggster";40;426000
Recaro;"I-Candy Apple, Apple Jogger";40;426000
Recaro;"I-Candy Peach";40;426000
Recaro;"Baby Jogger City Micro, City Mini, City Classic, City Elite, Summit 360";40;426000
Recaro;"Baby Jogger City Select";40;426000
Recaro;"Quinny Buzz";40;426000
Recaro;"Babyzen (без вкладыша)";1100;11715000
Плитекс;"Комфорт Люкс (КК-119-01)";47;478800
Recaro;"Cushion ";60;639000
Recaro;"Access cover ";30;319500
Recaro;Recaro;43;457950
Recaro;Yoga;260;2769000
Recaro;"Sleeping bag Babyzen";128;1363200
Recaro;"Maxi-Cosi Pebble, Cabrio BABYZEN by RECARO";40;426000
Recaro;"Young Expert Plus";340;3621000
Recaro;"Young Expert plus";82;873300
Recaro;"Young Expert";260;2769000
Brevi;"Giocagiro Activitycenter (3 в 1)";155;1650750
Recaro;"Young Expert";82;873300
Recaro;Polaric;270;2875500
Recaro;Polaric;65;692250
Recaro;Polaric;15;159750
Recaro;"Young Sport";315;3354750
Плитекс;"Комфорт Био (КБ-119-01)";57;585100
Ведрусс;"Мишка-3 ";132;1405800
Ведрусс;Мишка-4;134;1427100
Лель;"БИ 33.4";360;3834000
Recaro;"Monza Nova Seatfix";270;2875500
Recaro;"Monza Nova Seatfix";30;319500
Recaro;"Monza Nova";50;532500
Kiddy;"World Plus EU ";260;2769000
Kiddy;"Mix'n Match";50;532500
Kiddy;Beclean;25;266250
Kiddy;"Aqua Paint";50;532500
Kiddy;Thermobag;27;287550
Kiddy;"City'n Move";340;3621000
Recaro;"Monza Nova";250;2662500
Recaro;"Monza Nova IS";295;3141750
Recaro;Milano;171;1821150
Recaro;"Monza Nova IS";20;213000
Влана;Ангелы;220;2343000
Kiddy;"Mix'n Match Mix'n Match";52;553800
Kiddy;"Cosy'n dry для коляски City'n Move";50;532500
Kiddy;"Relax Pro/Nest ";40;426000
Minui;HandySitt;120;1278000
Minui;"HandySitt Comfort Cushion ";20;213000
Minui;"HandySitt (5-ти точечный)";25;266250
Баю-Бай;"Маленькие медвежата (7 предметов)";81;862650
Minui;"HandySitt (3-х точечный)";20;213000
Minui;"TravelBag для стульчика HandySitt";35;372750
Concord;"Neo (3 в 1)";1100;11715000
Баю-Бай;"Медвежата на облаках (7 предметов)";81;862650
Баю-Бай;"Мишка с месяцем (7 предметов)";81;862650
Баю-Бай;"Мишки Гамми (7 предметов)";81;862650
Баю-Бай;"Сонные дети (7 предметов)";81;862650
Баю-Бай;"Мишки на Луне (7 предметов)";81;862650
Баю-Бай;"Аистята (7 предметов)";81;862650
Баю-Бай;"Сказочный замок (7 предметов)";81;862650
Tako;"Swing Enjoy";107;1139550
Влана;Зоопарк;220;2343000
Влана;Лагуна;220;2343000
Tako;Flower;100;1065000
Tako;Heart;100;1065000
Tako;Wonderland;100;1065000
Tako;"Swing 2";100;1065000
NeoNato;Colosseo;169;1799850
Capella;"Air Jumper";65;692250
Inglesina;"Trilogy (3 в 1)";1050;11182500
"Bertoni (Lorelli)";Candy;60;642000
BabySleep;"BioForm Bamboo";170;1810500
BabySleep;"BioForm Cotton";165;1757250
BabySleep;"BioForm Linen";170;1810500
BabySleep;"BioLatex Bamboo";195;2076750
BabySleep;"BioLatex Cotton";193;2055450
BabySleep;"BioLatex Linen";196;2087400
BabySleep;"Technogel Form";332;3535800
BabySleep;"Technogel Ortopedic";315;3354750
SonniTex;Amarena;175;1863750
SonniTex;Buona;240;2556000
SonniTex;Incanto;240;2556000
SonniTex;"Solare ";235;2502750
SonniTex;Tesoro;263;2800950
Афалина;"Анатомик Coconut";88;937200
Афалина;"Анатомик Relax Lanolin";118;1256700
Афалина;"Анатомик Relax Milky";120;1278000
Афалина;"Анатомик Relax Mintfresh";118;1256700
Espiro;"Kappa ";150;1597500
Афалина;"Анатомик Spa Lanolin";115;1224750
Афалина;"Анатомик Spa Milky";123;1309950
Афалина;"Анатомик Spa MintFresh";122;1299300
Афалина;"Анатомик Triumph";108;1150200
Афалина;"Анатомик Люкс";100;1065000
Афалина;"Sleep! Soft";68;724200
Афалина;Баю-бай;112;1192800
Афалина;"Баю-Бай Cristal";113;1203450
Афалина;Браво;68;724200
Афалина;"Анатомик Де Люкс";140;1491000
Афалина;Кокос;68;724200
Афалина;"Симфония Аэро";70;745500
Афалина;"Симфония Комфорт";59;628350
Афалина;Эко;80;852000
Бомбус;"Непоседа ";90;958500
Бомбус;Сильвер;95;1011750
Бомбус;"Green Cotton";110;1171500
Бомбус;Sleep-Fresh;110;1171500
Бомбус;Вредина;93;990450
Giovanni;"Baby Dream TFK";180;1917000
Giovanni;"Baby Holl";85;905250
Giovanni;"Comfort Maxi";170;1810500
Giovanni;"Standart Mix";85;905250
"Золотой Гусь";NinnaNanna;160;1704000
"Золотой Гусь";"Чунга Чанга";92;979800
Maman;"Я расту! FD-DBM01";120;1278000
Maman;"Я расту! FD2800";85;905250
"Золотой Гусь";Bounty;108;1150200
"Золотой Гусь";"Дольче Тезоро";105;1118250
"Ланс Элин (Kids Fashion)";"Eko Baby Lux";65;692250
"Ланс Элин (Kids Fashion)";"Status Luxy";90;958500
"Ланс Элин (Kids Fashion)";Status;65;692250
"Ланс Элин (Kids Fashion)";Jangle;50;532500
"Ланс Элин (Kids Fashion)";Nest;85;905250
"Ланс Элин (Kids Fashion)";Plato;95;1011750
"Ланс Элин (Kids Fashion)";Single;60;639000
"Ланс Элин (Kids Fashion)";Orto;70;745500
"Ланс Элин (Kids Fashion)";Optima;35;372750
"Золотой Гусь";"Сабина (7 предметов)";112;1192800
Peg-Perego;"Sdraietta Mia";145;1544250
Ведрусс;Лана-3;158;1790000
Лель;"Лютик АБ 15.0";178;1895700
"Silver Cross";Micro;203;2161950
"Bertoni (Lorelli)";iLounge;120;1284000
"Bertoni (Lorelli)";"Zippy 1";80;856000
"Bertoni (Lorelli)";"Zippy 2";86;920200
Maclaren;"Reversible Seat Liner";60;639000
"Bertoni (Lorelli)";"733 A";65;695500
"Bertoni (Lorelli)";Scooter;79;845300
"Bertoni (Lorelli)";7620;47;502900
Inglesina;"Trilogy ";499;5314350
Chicco;"Multiway Complete";200;2130000
"Fisher Price";"Музыкальный стол Морские чудеса ";0;0
"Fisher Price";"Развивающий музыкальный комплекс ""Живая планета""";0;0
"STM (Recaro)";"Taos ";180;1917000
Cam;Minuetto;345;3674250
"Bertoni (Lorelli)";Fiesta;72;770400
"Bertoni (Lorelli)";Smarty;92;984400
"Bertoni (Lorelli)";iMove;92;984400
"Bertoni (Lorelli)";Xen;0;0
"Bertoni (Lorelli)";"Avio (2 в 1)";265;2835500
"Bertoni (Lorelli)";"Cayenne (2 в 1)";262;2803400
"Bertoni (Lorelli)";Combi;115;1230500
"Bertoni (Lorelli)";"Evo (3 в 1)";0;0
"Bertoni (Lorelli)";Flair;0;0
"Bertoni (Lorelli)";"Laguna (2 в 1)";280;2996000
"Bertoni (Lorelli)";Modena;285;3049500
"Bertoni (Lorelli)";"Moon (3 в 1)";0;0
"Bertoni (Lorelli)";"Rio Set";188;2011600
"Bertoni (Lorelli)";Rodeo;113;1209100
"Alpen Gaudi";Spider;26;276900
"Alpen Gaudi";Bambino;40;426000
"Alpen Gaudi";Alu;105;1118250
Amalfy;"размер 43/60 см (в расцветках писать артикул!!!)";13;138450
Mansita;Toscana;210;2236500
Mansita;Lazio;210;2236500
Mansita;Veneto;150;1597500
Mansita;Mini;187;1991550
Mansita;Generation;125;1331250
Aprica;Karoon;305;3248250
Aprica;Soraria;620;6603000
;"""Машины"" 10 предметов ST 99079 CR";0;0
;"""Принцесса"" 10 предметов ST 99080 PS";0;0
;"Disney ""Феи"" 10 предметов ST 99100 FR";0;0
;"""Русалочка"" TB 83215 LM ";0;0
;"""Принцесса"" TB 83299PS ";0;0
;"""Феи"" TB 83392 FR";0;0
;"""Микки и его друзья"" TB 87261 MM";0;0
;"""Белль"" TF 86553 PS";0;0
;"""Феи"" TB 84544 FR";0;0
;"""Тачки"" TT 89168 CR";0;0
;"Disney Принцессы ТТ 86528 PS";0;0
"Золотой Гусь";"Cool Car";40;426000
"Золотой Гусь";"""Кошки-мышки"" (7 предметов)";135;1437750
Бомбус;"Илюша (7 предметов)";0;0
Баю-Бай;"Мишки на луне (6 предметов)";66;702900
"Baby swimmer";"(3-12), (6-36) ";15;159750
"Baby swimmer";"Гламур (3-12), (6-36) ";0;0
Feretti;"Bee Terzetto (3 предмета)";70;745500
"Золотой Гусь";"Лапушки (3 предмета)";40;426000
"Золотой Гусь";"Сладкий сон (7 предметов)";112;1192800
Feretti;Duplex;40;426000
Feretti;Sheet;47;500550
Feretti;"для комплектов постельного белья";50;532500
;"Универсальный на коляску";0;0
;"QuAqua на резинках";16;170400
Бомбус;"Максимка (7 предметов)";0;0
Perina;"Аманда (7 предметов)";101;1045200
"Золотой Гусь";"Птенчики (3 предмета)";50;532500
"Золотой Гусь";"Радужный (7 предметов)";99;1054350
Feretti;"Dog (6 предметов)";135;1437750
"Бэби Бум";Аленка-3;149;1586850
Maxi-Cosi;"Cabrio Fix";175;1863750
"Fisher Price";Корова-ксилофон;39;415350
"Золотой Гусь";"Zoo Bear (7 предметов)";130;1384500
"Золотой Гусь";"Рафаэлло (10 предметов)";260;2769000
Maxi-Cosi;"Rodi Fix";235;2502750
"Золотой Гусь";"Птенчики (10 предметов)";240;2556000
"Золотой Гусь";"Мишутка (3 предмета)";30;319500
"Золотой Гусь";"Морские котята (7 предметов)";165;1757250
"Золотой Гусь";"Морские котята (3 предмета)";45;479250
"Золотой Гусь";"Сладкий сон (3 предмета)";40;426000
"Золотой Гусь";"Слоник Боня (7 предметов)";92;979800
"Золотой Гусь";"Степашка (7 предметов)";92;979800
"Золотой Гусь";"Улыбка (7 предметов)";136;1448400
"Золотой Гусь";"Эстель (8 предметов)";260;2769000
"Золотой Гусь";"Zoo bear";40;426000
"Золотой Гусь";"Zoo bear (3 предмета)";30;319500
"Золотой Гусь";Аленка;42;447300
"Золотой Гусь";"Ёжик ""Топа-Топ""";42;447300
"Золотой Гусь";Мишутка;45;479250
"Золотой Гусь";"Морские котята";30;319500
"Золотой Гусь";"Сабина (3 предмета)";40;426000
Бомбус;Мариша;30;319500
Aprica;"Karoon plus";415;4419750
"Бэби Бум";Аленка;85;905250
Vegas;Prince;108;1150200
Espiro;"Omega FX";130;1384500
Espiro;Omega;113;1203450
"Tiny Love";"Gymini Bouncer";118;1256700
"Baby Design";"Amigo Racing";130;1384500
"Бэби Бум";Аленка-1;120;1278000
"Бэби Бум";Аленка-2;120;1278000
"Бэби Бум";Аленка-4;159;1693350
Maxi-Cosi;"Rodi XP";160;1704000
Maxi-Cosi;Citi;155;1650750
Maxi-Cosi;"Rodi Fix";234;2492100
Maxi-Cosi;"Rodi Air Protect";190;2023500
"Бэби Бум";Варвара;265;2822250
"Dada Paradiso Group";"Carino Limited (2 в 1)";346;3684900
"Baby Care";Fantasy;147;1565550
"Baby Care";Basis;65;692250
"Baby Care";Frog;0;0
Maxi-Cosi;"Fero Fix";230;2449500
Maxi-Cosi;Priori;190;2023500
Maxi-Cosi;"Priori XP";230;2449500
Maxi-Cosi;Pebble;220;2343000
Maxi-Cosi;Tobi;260;2769000
"Бэби Бум";Вероника;158;1682700
"Красная звезда";"C 439";266;2832900
"Dada Paradiso Group";"Dada Denim (2 в 1)";337;3589050
СКВ-Компани;70002;130;1384500
Лель;"БИ 03";360;3834000
Лель;"Феррария БИ 05";495;5271750
Лель;"Ландыш БИ 07.2 ";427;4547550
Лель;"Ландыш БИ 07.3";427;4547550
Лель;"Маргаритка БИ 08.3";540;5751000
Лель;"Лютик АБ 15.3";265;2822250
Лель;"Ромашка АБ 16.0";193;2055450
Лель;"Ромашка АБ 16.1";208;2215200
Лель;"Ромашка АБ 16.3";290;3088500
Лель;"Лилия АБ 17 Люкс";225;2396250
Лель;"Лилия АБ 17.1 Люкс";305;3248250
Jetem;Cabrio;65;692250
Лель;"Лилия АБ 17.2 Люкс";341;3631650
Jetem;Mini;50;532500
Jetem;"Space Tolocar";48;511200
Лель;"Лилия АБ 17.3 Люкс";341;3631650
Лель;"Лилия АБ 17.3 Люкс с инкрустацией стразами";430;4579500
Лель;"Семицветик АБ 18.1";270;2875500
Лель;"Незабудка АБ 18.3";308;3280200
Лель;"Жасмин АБ 19.0";275;2928750
Лель;"Жасмин АБ 19.1";290;3088500
Лель;"Жасмин АБ 19.2";310;3301500
Лель;"Жасмин АБ 19.3";309;3290850
Лель;"Лаванда АБ 21.2";379;4036350
Лель;"Лаванда АБ 21.0";335;3567750
Лель;"Лаванда АБ 21.1 ";352;3748800
Лель;"Лаванда АБ 21.3";363;3865950
Лель;"Камелия АБ 23.2";403;4291950
Лель;"Камелия АБ 23.3";400;4260000
Maxi-Cosi;Rubi;240;2556000
Maxi-Cosi;"Milo Fix";375;3993750
"Dada Paradiso Group";"Carmelo 01 (2 в 1) ";460;4899000
"Dada Paradiso Group";"Carmelo 02 (2 в 1) ";460;4899000
"Dada Paradiso Group";"Carmelo 03 (2 в 1) ";460;4899000
"Dada Paradiso Group";"Carmelo 04 (2 в 1) ";460;4899000
"Baby Care";5015;45;479250
"Baby Care";"Rock Out";57;607050
DigiBath;"с электронными весами и термометром";80;852000
DigiBath;"DigiBath   ";35;372750
Jetem;"Air Jumper";65;692250
Jetem;Auto;72;766800
Maxi-Cosi;Opal;350;3727500
Maxi-Cosi;Axiss;320;3408000
Maxi-Cosi;"Pearl Isofix";495;5271750
Лель;"Орхидея АБ 24.0";287;3056550
Jetem;Caesar;85;905250
Jetem;"Urban Casual";160;1704000
Лель;"Орхидея АБ 24.1";318;3386700
Jetem;Solo;105;1118250
Лель;"Орхидея АБ 24.2";327;3482550
Лель;"Орхидея АБ 24.3";333;3546450
Лель;"Виола АБ 25.0";242;2577300
Лель;"Виола АБ 25.1";310;3301500
Лель;"Виола АБ 25.2";309;3290850
Лель;"Виола АБ 25.3";308;3280200
Фея;"Малыш (для двоих)";85;905250
Лель;"АБ 30 (узкий)";340;3621000
Лель;"БИ 777";480;5112000
Туба-Дуба;"Т-88 ";70;745500
Туба-Дуба;Т-100;80;852000
Cybex;"Aton 3S";204;2172600
Лель;"БИ 888";395;4206750
Лель;"БИ 999";440;4686000
Лель;"БИ 06";445;4739250
Лель;"Азалия БИ 10.2";510;5431500
Антел;Алита-1;230;2449500
"Бэби Бум";Маруся;216;2300400
Caretero;Practico;65;702000
Caretero;"Movilo ";74;799200
Cybex;"Solution X2-Fix";217;2311050
Cybex;"Solution X2";180;1917000
Cybex;"Sirona Plus";475;5058750
Cybex;"Pallas 2";290;3088500
Cybex;Juno-Fix;240;2556000
Cybex;"Pallas 2-Fix ";310;3301500
;"Сонный Гномик ""Маша и медведь""";0;0
;"Сонный Гномик ""Маша и медведь-2""";0;0
;"Сонный Гномик ""Пингвин""";0;0
;"Сонный Гномик ""Такса"", с ручками";0;0
;"Сонный Гномик Лыжник";0;0
Лель;"БИ 01";950;10117500
"Bertoni (Lorelli)";Бабочка;45;481500
"Bertoni (Lorelli)";"В море";50;535000
"Bertoni (Lorelli)";"Веселый жираф";44;470800
"Bertoni (Lorelli)";"Джунгли ";50;535000
"Bertoni (Lorelli)";Животные;30;321000
"Bertoni (Lorelli)";"(Lorelli) Жираф";52;556400
"Bertoni (Lorelli)";Клоун;45;481500
"Bertoni (Lorelli)";Корова;49;524300
"Bertoni (Lorelli)";Поезд;42;449400
"Bertoni (Lorelli)";Рыбка;50;535000
"Bertoni (Lorelli)";Цветок;45;481500
"Bertoni (Lorelli)";Черепаха;50;535000
Riko;Stella;327;3482550
Riko;Naomi;333;3546450
Riko;Primo;336;3578400
Riko;Laura;336;3578400
Riko;Nano;360;3834000
"Dada Paradiso Group";"Carino Pastel (2 в 1)";355;3780750
"Dada Paradiso Group";"Carino New (2 в 1)";355;3780750
"Dada Paradiso Group";"Super Sailor (2 в 1)";365;3887250
"Dada Paradiso Group";"Romance Dots (2 в 1)";365;3887250
"Dada Paradiso Group";"Romance Flash (2 в 1)";350;3727500
"Dada Paradiso Group";"Glamour Send (2 в 1)";362;3855300
Bebetto;"Pascal Fifa";448;4793600
Bebetto;"Nico Plus";382;4087400
Bebetto;"Solaris Red (2 в 1)";422;4515400
Bebetto;"Solaris B (2 в 1)";422;4515400
Lonex;"Speedy v Light Ecco (2 в 1)";460;4968000
Бомбус;"Бэби Люкс (9 предметов)";227;2417550
Бомбус;"Забавки (7 предметов)";87;926550
"Dada Paradiso Group";"Dada Paradiso Group";75;798750
"Bertoni (Lorelli)";Dreamer;113;1209100
BabyPoint;"Junior NB";73;781100
BabyPoint;Orion;112;1198400
BabyPoint;Picaso;131;1401700
"Bertoni (Lorelli)";"Game Zone";84;898800
"Bertoni (Lorelli)";"Nanny 1";81;866700
Geoby;C201GR-X;88;937200
Geoby;C409;240;2556000
Adamex;Panda;239;2545350
Geoby;C409M;248;2641200
Geoby;"C539 K-X";113;1203450
Geoby;C698;188;2002200
Geoby;C780;288;3067200
Geoby;C819;185;1970250
Adamex;Nano;239;2545350
Geoby;C879C-X;180;1917000
Geoby;C922;185;1970250
Geoby;C980H;239;2545350
Geoby;Joss;265;2822250
Geoby;С750B-X;163;1735950
Geoby;С1020;179;1906350
Geoby;"Happy Dino LC200S";95;1011750
Geoby;"Happy Dino LC300";115;1224750
Adamex;X-Trail;230;2449500
Adamex;Flamenco;255;2715750
Geoby;SC705-X;345;3674250
Geoby;JOSS-L;328;3493200
Adamex;Avalon;304;3237600
Adamex;Saturn;170;1810500
Geoby;GB02;275;2928750
Geoby;C3018;375;3993750
Geoby;C3011;398;4238700
Geoby;C990;300;3195000
Geoby;C959;465;4952250
Geoby;C929-XT;199;2119350
Geoby;C800;450;4792500
Geoby;C707R;395;4206750
Geoby;"C706 (Baby)";446;4749900
Geoby;"C706 (Baby Lux)";483;5143950
Geoby;C705-X;310;3301500
Geoby;C703H;325;3461250
Geoby;C605;502;5346300
Geoby;C601H;297;3163050
Geoby;C519-XT;204;2172600
Geoby;C508W;218;2321700
Geoby;C306-X;185;1970250
Geoby;B2000A-X;220;2343000
Geoby;"A2009 (SL009)";350;3727500
Geoby;613R;322;3429300
Adamex;"Saturn Deluxe";198;2108700
Adamex;Neon;175;1863750
Kinderwood;Star;105;1118250
KinderKraft;Jolly;100;1065000
Adamex;"Neon Deluxe";198;2108700
Adamex;"Gustaw Deluxe";215;2289750
СКВ-Компани;83003;264;2811600
Бомбус;"Звездочка (7 предметов)";100;1065000
Бомбус;"Красная шапочка (7 предметов)";140;1491000
Бомбус;"Настенька (7 предметов)";150;1597500
Бомбус;"Веселая семейка (3 предметов)";35;372750
Бомбус;"Маргарита ";45;479250
Бомбус;"Нежность сатин (3 предмета) ";45;479250
Giovanni;"Belcanto Lux";305;3248250
Giovanni;"Aria Lux";355;3780750
Giovanni;Bravo;363;3865950
Giovanni;Grande;280;2982000
СКВ-Компани;83005;446;4749900
Erbesi;Jolie;2785;29660250
Бомбус;Павлуша;35;372750
Бомбус;"Панда/Коала (7 предметов)";150;1597500
Бомбус;"Пиратик (7 предметов)";100;1065000
Erbesi;Elite;2204;23472600
Erbesi;Bubu;0;0
Erbesi;Crystal;3474;36998100
Erbesi;Cucu;945;10064250
Erbesi;Cuore;3337;35539050
Erbesi;Friends;1602;17061300
KinderKraft;"Little Bear";110;1171500
KinderKraft;Play;89;947850
Kinderwood;"Quad V6 ";155;1650750
Kinderwood;"Quad V12 ";0;0
Kinderwood;"BMW V12";235;2502750
Kinderwood;"BMW V6";200;2130000
Kinderwood;"Mercedes V12";240;2556000
Kinderwood;"Mercedes V6";205;2183250
Kinderwood;"Mini V6";175;1863750
KinderKraft;" 5 (2 в 1)";370;3940500
KinderKraft;"Pushchair Siesta";105;1118250
KinderKraft;Smart;115;1224750
Erbesi;"I Love Hugs";2891;30789150
Erbesi;Pisoloni;0;0
Adamex;Gustaw;170;1810500
KinderKraft;Cocoon;135;1437750
KinderKraft;"Cocoon Isofix";145;1544250
KinderKraft;Junior;90;958500
KinderKraft;Comfort;93;990450
KinderKraft;Kiddy;75;798750
KinderKraft;"Shell Plus";130;1384500
Erbesi;Tippy;1435;15282750
"Baby Care";"Variant 3";174;1853100
Arctix;Rapid;0;0
Arctix;Laser;0;0
Arctix;Verve;0;0
Arctix;"ICE JR";0;0
Arctix;"1ST JR";0;0
"Alpen Gaudi";"Ufo (тарелка)";11;117150
"Alpen Gaudi";Bike;139;1480350
Arctix;"Essential 140 см";0;0
Adamex;"York (2 в 1)";350;3727500
Adamex;"Champion Alu (2 в 1)";340;3621000
Adamex;"Champion Deluxe Len (2 в 1)";355;3780750
Adamex;"Champion Deluxe (2 в 1)";345;3674250
Avanti;"9-10039840 (металлическая с текстилем)";190;2023500
BabyPoint;Fortuna;119;1273300
BabyPoint;"Fortuna Limited";132;1412400
"Baby Care";"Variant 4";178;1895700
"Baby Care";Hola;55;585750
"FD Design (ABC Design)";"Moving Light";120;1278000
"Baby Italia";"Pen 60*120";399;4249350
"Baby Italia";"Pen 60*125";441;4696650
"Baby Italia";"Dalia 60*120";272;2896800
"Baby Italia";"Dolly 60*120";285;3035250
Babypol;"""Весёлые животные""";65;692250
Babypol;"""Волшебный паровозик"" ";52;553800
Babypol;"""Подводный мир""";56;596400
Babypol;"""Сказочный город"" ";70;745500
Бомбус;"Универсальный эконом (6 предметов)";80;852000
Бомбус;"Кря Кря (7 предметов)";100;1065000
BabyPoint;Sprinter;159;1701300
BabyPoint;Targus;300;3210000
Бомбус;"Стефания (7 предметов)";150;1597500
Бомбус;"Тимоша (7 предметов)";102;1086300
Бомбус;"Цыплята (7 предметов)";100;1065000
BabyPoint;Sindy;80;856000
BabyPoint;"Pinta NB";113;1209100
BabyPoint;Fabula;130;1391000
BabyPoint;Gracia;133;1423100
BabyPoint;Nessy;138;1476600
BabyPoint;Sally;165;1765500
BabyPoint;Pegy;94;1005800
Kidboo;"Baby Dinos (3 предмета)";57;607050
Kidboo;"Butterfly (3 предмета) ";57;607050
Kidboo;"Cute Bear (3 предмета) ";59;628350
Kidboo;"Fairy Tale (3 предмета)";55;585750
Jetem;Twist;120;1278000
Jetem;Dream;129;1373850
Jetem;"Sweet Dream 3 в 1";143;1522950
Jetem;"Master Speedy Jeep 621 R";300;3195000
Jetem;"Thunder Jeep";310;3301500
"Jolly Ride";"Лошадка YR 603";0;0
"Jolly Ride";"Лошадка YR 607";0;0
"Jolly Ride";"Лошадка YR 611";0;0
"Jolly Ride";"Лошадка YR 613";0;0
"Jolly Ride";"Лошадка YR 621";0;0
"Jolly Ride";"Лошадка YR 622";0;0
"Jolly Ride";"Львёнок Leo JR 522";80;852000
"Jolly Ride";"Ослик Daniel JR 411";85;905250
"Jolly Ride";"Ослик Lily JR 416";85;905250
"Jolly Ride";"Ослик Milka JR 523";80;852000
"Jolly Ride";"Ослик Paulal JR 415";85;905250
"Jolly Ride";"Ослик Polo JR 412";85;905250
"Jolly Ride";"Тигр Tim JR 524";80;852000
Kidboo;"Happy Little Farmer (3 предмета) ";59;628350
Kidboo;"Panda (3 предмета)";55;585750
Kidboo;"Sunny Day (3 предмета)";58;617700
Kidboo;"Sweet Flowers (3 предмета)";57;607050
Kidboo;"Lets Race (3 предмета)";55;585750
Kidboo;"Baby Dinos (7 предметов)";160;1704000
Kidboo;"Butterfly (7 предметов)";162;1725300
Kidboo;"Cute Bear (7 предметов)";162;1725300
Kidboo;"Fairy Tale (7 предметов)";160;1704000
Kidboo;"Happy Birthday (7 предметов)";162;1725300
Kidboo;"Lets Race (7 предметов)";160;1704000
Kidboo;"Happy Little Farmer (7 предметов) ";162;1725300
Kidboo;"Panda (7 предметов)";160;1704000
Kidboo;"Sunny Day (7 предметов)";162;1725300
Kidboo;"Sweet Flowers (7 предметов)";160;1704000
Kidboo;"Happy Birthday (3 предмета)";58;617700
Babies;P-2H;130;1384500
Babies;P-2HP;130;1384500
Babies;P-2J;130;1384500
Babies;P-1A;138;1469700
Babies;P-1BK;138;1469700
Babies;P-1YO;139;1480350
Babies;P-695H;136;1448400
Babies;P-695I;136;1448400
Babies;P-695J;136;1448400
Babies;H-1;55;585750
Babies;R-1B;72;766800
Babies;R-1C;72;766800
Cybex;Callisto;35;372750
Cybex;Aton;0;0
Cybex;"Aton Base 2-fix";156;1661400
Cybex;Sirona;55;585750
Cybex;Atona;38;404700
Cybex;Juno-fix;32;340800
Cybex;"Ремень Cybex";8;85200
Cybex;"Denim by Lala Berlin Blue";97;1033050
Welldon;"For Lady ";15;159750
Welldon;"For Baby ";15;159750
Welldon;"Isofix DS06-T";90;958500
Welldon;"Welldon (универсальный)";40;426000
Welldon;"Welldon (в машину)";35;372750
Cybex;My.GO;94;1001100
Cybex;"First GO";152;1618800
Cybex;"2 Go";110;1171500
Антел;"Ульяна 600/4 (ЛДСП)";110;1171500
Дэми;"""Мишутка 1"" металлические с толкателем и спинкой (с роликами)";28;298200
Дэми;"""Мишутка 1"" металлические с толкателем и спинкой ";27;287550
"Baby Design";Libero;95;1011750
"Baby Design";"Libero Fit";105;1118250
ИМГО;Снежинка;68;724200
QuickSmart;ETS;150;1597500
ToyMonster;"Smiley Neon Whirlee";30;319500
"Jolly Ride";"лошадка Hobby Horse YR 004 без колес";0;0
"Чудо Чадо ";"МКМ04-000 для рук меховая (кнопки) ";30;319500
"Чудо Чадо ";"МКМ02-000 для рук меховая (кнопки) ";30;319500
"Чудо Чадо ";"МКМ09-000 для рук меховая (кнопки)";32;340800
"Чудо Чадо ";"МКМ06-000 для рук меховая (кнопки)";30;319500
"Чудо Чадо ";"МКМ10-000 для рук меховая (кнопки)";32;340800
"Чудо Чадо ";"МКМ08-000 для рук меховая (кнопки)";25;266250
"Чудо Чадо ";"МКФ01-001 для рук флисовая (липучка)";20;213000
"Чудо Чадо ";"МКФ05-001 для рук флисовая (липучка)";20;213000
"Чудо Чадо ";"МКФ02-001 для рук флисовая (липучка)";20;213000
"Чудо Чадо ";"МКФ03-001 для рук флисовая (липучка)";20;213000
"Чудо Чадо ";"МКФ06-001 для рук флисовая (липучка)";20;213000
"Чудо Чадо ";"МКФ08-001 для рук флисовая (липучка)";20;213000
Дэми;"СНК.05-02 ";80;852000
Adamex;"Champion Retro (2 в 1)";330;3514500
"Bertoni (Lorelli)";Play;83;888100
Гандылян;Екатерина;0;0
Cam;"Campione Elegant";216;2300400
Антел;"Ульяна 800/4 (ЛДСП)";112;1192800
Антел;"Ульяна 800/5 (ЛСДП)";115;1224750
Антел;"Ульяна 600/4 (МДФ)";128;1363200
BabyPoint;"MERCUR N.B.";43;460100
BabyPoint;"Sirius ";73;781100
BabyPoint;"Fenix NB ";116;1241200
Arctix;"Essential 150 см";0;0
Arctix;"Essential 160 см";0;0
Arctix;"Essential 170 см";0;0
Arctix;"Essential 180 см";0;0
Arctix;"Essential 186 см";0;0
Cybex;"Onyx Burent";55;585750
Cybex;"Footmoof Small";42;447300
Cybex;"Sirona ";47;500550
BabyPoint;"Zenith Race";130;1391000
BabyPoint;"Jolly NB ";91;973700
BabyPoint;"Snug NB";134;1433800
Антел;"Ульяна 800/4 (МДФ)";132;1405800
Антел;"Ульяна 800/5 (МДФ)";135;1437750
Антел;Ульяна-7;127;1352550
BabyPoint;Regina;160;1712000
Tako;"Duo Driver";420;4473000
Globex;Компакт;48;511200
Welldon;"Encore Classic";172;1831800
BabyPoint;"Jesica С3";35;374500
Welldon;"Smart Sport SideArmor & CuddleMe";169;1799850
BabyPoint;"Polly А3";50;535000
BabyPoint;"C3 NB";33;353100
BabyPoint;"A3 NB";37;395900
Welldon;"Smart Sport SideArmor & CuddleMe ISO-FIX ";234;2492100
Welldon;"Smart Sport Side Armor";162;1725300
Welldon;"Royal Baby SideArmor & CuddleMe ISO-FIX ";222;2364300
Welldon;"Royal Baby Classic ";140;1491000
Welldon;"Baby Shield";100;1065000
Welldon;"Magic Nacre";137;1459050
Welldon;"Diadem Isofix";95;1011750
Christ;Arosa;260;2769000
"Bright Starts";"Саванна 60192";155;1650750
"Bright Starts";"Сахара 60100";155;1650750
Cybex;"Callisto Fashion";140;1491000
Cybex;"Callisto (мягкая)";185;1970250
Shenma;C-L;120;1278000
"Bertoni (Lorelli)";Siesta;98;1048600
Quinny;"Zapp Xtra";375;3993750
Cozy;"Duo (2 в 1)";665;7082250
Cozy;"Smart (2 в 1)";403;4291950
Cozy;Smart;275;2928750
Cybex;Callisto;330;3514500
"Bertoni (Lorelli)";"Zippy 2 Plus Rocker";113;1209100
"Красная звезда";"Марина (C 702)";230;2449500
Christ;Tula;260;2769000
Cybex;Onyx;290;3088500
Cybex;Ruby;190;2023500
Cybex;Topaz;300;3195000
Cybex;Twinyx;580;6177000
Гандылян;"Анжелика (универсальный маятник)";398;4238700
Adamex;"Pajero (2 в 1)";358;3812700
Adamex;"Pajero Len (2 в 1)";380;4047000
Adamex;"Jogger Alu (2 в 1)";355;3780750
Adamex;"Jogger Sport (2 в 1)";347;3695550
Adamex;"Senso (2 в 1)";315;3354750
Adamex;"Cosmos (2 в 1)";315;3354750
Perina;"София (7 предметов)";99;1023600
Perina;"София (6 предметов)";84;860600
Perina;"София (4 предмета)";60;602000
Perina;"София (3 предмета)";27;270500
Perina;"Глория (7 предметов)";135;1393600
Perina;"Глория (6 предметов)";109;1120600
Perina;"Тиффани (7 предметов)";121;1242800
Perina;"Тиффани (6 предметов)";101;1038700
Perina;"Тиффани (4 предмета)";77;782300
Perina;"Тиффани (3 предмета)";31;314600
Perina;"Венеция (7 предметов)";130;1337700
Perina;"Венеция (6 предметов)";106;1092000
Perina;"Венеция (4 предмета)";80;815400
Perina;"Венеция (3 предмета)";36;365300
Perina;"Аманда (6 предметов)";86;881400
Perina;"Аманда (4 предмета)";62;623200
Perina;"Аманда (3 предмета)";26;266500
Perina;"Ева (7 предметов)";93;962000
Perina;"Ева (6 предметов)";76;782300
Perina;"Ева (4 предмета)";56;570100
Perina;"Ева (3 предмета)";25;255900
Perina;"Кроха (7 предметов)";103;1064700
Perina;"Кроха (6 предметов)";87;895700
Perina;"Кроха (4 предмета)";63;636400
Perina;"Кроха (3 предмета)";27;275600
Perina;"Фея (7 предметов)";101;1038700
Perina;"Фея (6 предметов)";88;902200
Perina;"Фея (4 предмета)";64;649700
Perina;"Фея (3 предмета)";28;283400
Perina;"Ника (7 предметов)";112;1153100
Perina;"Ника (6 предметов)";94;969800
Perina;"Ника (4 предмета)";69;698700
Perina;"Ника (3 предмета)";28;289900
Espiro;"Modena (2 в 1)";310;3301500
Adamex;"Zeix (2 в 1)";0;0
Jetem;"Breeze (с адаптером)";129;1373850
"Островок уюта";Бабочки;165;1757250
"Островок уюта";Бантики;165;1757250
"Островок уюта";"Чунга-Чанга ";280;2982000
"Островок уюта";Бантики;260;2769000
"Островок уюта";Бабочки;260;2769000
"Островок уюта";Мышонок;260;2769000
"Bright Starts";"Comfort & Harmony Лев в саванне 7192";140;1491000
"Bright Starts";"Слоник 7083";114;1214100
Kaiser;Coosy;395;4206750
Kaiser;Dublas;335;3567750
"Bright Starts";"Тропическая саванна 9219";130;1384500
"Bright Starts";"Полосатое сафари 9167 ";85;905250
Kaiser;"Iglu Aktion";252;2683800
"Fisher Price";"Джунгли K2565";130;1384500
Kaiser;Iglu;375;3993750
Kaiser;Dommi;135;1437750
Kaiser;Dowwny;179;1906350
Kaiser;Jooy;125;1331250
Kaiser;Multifunktion;135;1437750
Kaiser;"Iglu Thermo";118;1256700
Kaiser;"Iglu Thermo Jogger Aktion";122;1299300
Globex;Мини;55;585750
"Золотой Гусь";"Плед - конверт велюр";45;479250
"Золотой Гусь";Умка;95;1011750
"Золотой Гусь";Арктика;95;1011750
"Золотой Гусь";Морозко;88;937200
"Золотой Гусь";Пушок;88;937200
"Золотой Гусь";Снежинка;45;479250
"Золотой Гусь";"Бэби Элит";57;607050
Плитекс;"Юниор-Люкc (ЮЛ-119-01)";61;627200
Плитекс;"Комфорт-классик (КК-119-01)";44;451200
Плитекс;"Bamboo Sleep (БС-119-01)";9089;925600
"Золотой Гусь";Ice;135;1437750
"Золотой Гусь";Снежок;120;1278000
"Золотой Гусь";Малыш;110;1171500
"Золотой Гусь";Кроха;110;1171500
"Золотой Гусь";"конверт-трансформер меховой Кокон";58;617700
"Золотой Гусь";Веснушка;68;724200
Feretti;"Papa Cote Merit";425;4526250
Feretti;"Papa Cote Sleeping Bears";430;4579500
;"трансформер большой Гном";102;1086300
Adbor;Duo;338;3599700
Плитекс;"Bamboo Nature (БН-119-01)";83;851500
Плитекс;"EcoLife (ЭКФ-01)";46;468400
Плитекс;"EcoFlex Cotton (ЭКХк-01) ";68;695200
Плитекс;"Комфорт-элит (ЭЛ-119-02)";71;725400
"Bertoni (Lorelli)";Light;44;470800
"Bertoni (Lorelli)";Astra;280;2996000
"Bertoni (Lorelli)";"GT SPORT Premium";117;1251900
"Bertoni (Lorelli)";Alpha;75;802500
"Bertoni (Lorelli)";Uno;80;856000
"Bertoni (Lorelli)";"Maranello Plus";77;823900
"Bertoni (Lorelli)";F2+SPS;134;1433800
"Bertoni (Lorelli)";"X-Drive Plus";82;877400
"Bertoni (Lorelli)";"X-Drive Premium";108;1155600
"Bertoni (Lorelli)";Kiddy;79;845300
"Bertoni (Lorelli)";Speedway;83;888100
"Bertoni (Lorelli)";Joy;51;545700
Feretti;"Ariston Rovere";610;6496500
Feretti;"Charme Como";900;9585000
Feretti;"Charme Bagnetto ";733;7806450
"Philips Avent";"Comfort SCF 332101 (86878)";168;1779000
Camarelo;"Sevilla (2 в 1)";360;3834000
Camarelo;"Carera (2 в 1)";360;3834000
Jetem;"Tolocar Dinosauros world";45;479250
Anmar;Fox;240;2556000
Anmar;Rino;169;1799850
Anmar;"Cornella Ecolux (2 в 1)";360;3834000
Anmar;"Fragma (2 в 1)";310;3301500
"Красная звезда";"С 431";620;6603000
"Красная звезда";"С 531";630;6709500
"Красная звезда";"C 536";800;8520000
"Красная звезда";С534;770;8200500
Cybex;"Aton Q Plus ";290;3088500
Cybex;"Aton Q Base-fix";170;1810500
"Bertoni (Lorelli)";B313A;93;995100
Feretti;"Prestige Como";0;0
Feretti;"Bagnetto Prestige";0;0
Feretti;"Armadio Prestige";0;0
"Bertoni (Lorelli)";B301B;95;1016500
"Bertoni (Lorelli)";B302A;98;1048600
Cybex;"Aton Basic";165;1757250
Cybex;Free-Fix;185;1970250
Cybex;Isis;207;2204550
Cybex;Isis-Fix;250;2662500
Cybex;Solution;0;0
Cybex;"Solution Q-Fix";245;2609250
Cybex;"Solution Q-Fix Plus";306;3258900
BeeAngel;BeeAngel;215;2289750
"Красная звезда";"Елисей (С 717)";389;4142850
"Красная звезда";"Юлиан (С 777)";820;8733000
"Красная звезда";"Юлиана (С 757)";750;7987500
"Красная звезда";"Кармелина (С 656)";325;3461250
"Красная звезда";"Ефросинья (С 554)";530;5644500
"Красная звезда";"Агата (С 719)";382;4068300
"Красная звезда";"Агата (С 718)";272;2896800
"Красная звезда";"С 571";450;4792500
"Красная звезда";"Любаша (С 535)";220;2343000
Espiro;"Delta FX";160;1704000
"Бэби Бум";"MAXIM 1/4";130;1384500
"Бэби Бум";"MAXIM 1/5";138;1469700
"Бэби Бум";"MAXIM 1/70";123;1309950
"Bright Starts";"Мышка Минни 60140";110;1171500
"Bright Starts";"Комфорт и гармония Птичка 60008";125;1331250
"Bright Starts";"Бегемотик 6925";115;1224750
Espiro;Meyo;120;1278000
Cam;Sonnolento;141;1501650
Cam;Morbiletto;151;1608150
Cam;"Le Mans";163;1735950
Cam;"Agile 2014";86;915900
Cam;"Dinamico 4s";539;5740350
Bomiko;"Model XL";85;905250
"Bright Starts";"Уточка 6978";110;1171500
"Bright Starts";"Уточка 7030";145;1544250
"Bright Starts";"Летний сад 9298 ";130;1384500
"Красная звезда";"Регина (C 580)";440;4686000
"Красная звезда";"Регина (C 602)";361;3844650
Adamex;"Gustaw 2";180;1917000
Bomiko;"Model L";93;990450
Bomiko;"Model M";75;798750
Bomiko;"Model S";73;777450
Bomiko;"Model XXS";0;0
Bomiko;"Auto S";90;958500
Bomiko;"Auto L";0;0
Bomiko;Basic;0;0
Bomiko;Easy;0;0
Cybex;"Juno 2-Fix";235;2502750
Cam;Met;329;3503850
Cam;"Cortina Run";576;6134400
Cam;"Twin Pulsar (2 в 1)";1175;12513750
Cam;"Linea Sport";550;5857500
Cam;"Linea Elegant ";600;6390000
Cam;"Fluido (3 в 1)";693;7380450
"Красная звезда";"C 265";465;4952250
"Красная звезда";"C 567";0;0
"Красная звезда";"C 565";430;4579500
Caretero;Falcon;89;961200
Caretero;Scope;119;1285200
Caretero;"Sport Classic";130;1404000
Caretero;Shifter;135;1458000
Caretero;Leo;35;378000
Caretero;Quadra;87;939600
Bexa;"Roxy (2 в 1)";331;3574800
" ";Карапуз;7;74550
Canpol;(цифровая);15;159750
"Baby Design";Enjoy;157;1672050
"Baby Design";Candy;125;1331250
"Baby Design";Cookie;105;1118250
Espiro;Gamma;105;1118250
"Baby Design";"Lupo Comfort";375;3993750
Espiro;Prego;185;1970250
"Philips Avent";"SCD-485/00 (85145)";77;820050
Quatro;Imola;118;1256700
Quatro;Monte-Carlo;123;1309950
"Philips Avent";"SCD-505/00 (85155)";108;1150200
Quatro;Evo;130;1384500
"Philips Avent";"SCD-610/00 (85190)";273;2907450
Quatro;Jimmy;108;1150200
"Philips Avent";"SCD-603/00 (85185)";238;2534700
"Philips Avent";"SCH550/20 (85070) (для ванной и комнаты)";38;404700
"Philips Avent";"SCD149  (81130) (дорожная)";99;1054350
"Philips Avent";"SCD138 (67470)";84;894600
"Philips Avent";"SCF870/22 (85300)";171;1821150
"Philips Avent";"SCF256/00 (81960)";35;372750
"Philips Avent";"SCF255/57 (81950)";70;745500
"Philips Avent";"SCF281/02 (82765)";39;415350
"Philips Avent";"SCF282/02 (86775) ""Начальный набор""";72;766800
"Philips Avent";"SCF284/03 (81874)";113;1203450
Adbor;"Ring Duo";276;2939400
"Philips Avent";"(3 в 1) SCF285/03 (86865)";132;1405800
"Philips Avent";"(4 в 1) SCF286/03 (81066)";148;1576200
Riko;"Nano Flower";375;3993750
Riko;"Mondo Black Line (2 в 1)";380;4047000
Riko;"Mondo Grey Line (2 в 1)";395;4206750
Capella;"S-802 Сибирь";230;2449500
Capella;"S-803 Сибирь";250;2662500
Geoby;C879CR;185;1970250
Geoby;D208DR-F;110;1171500
Feretti;Charme;850;9052500
Feretti;"FMS Charme";1005;10703250
Feretti;"Armadio Charme";0;0
Feretti;Chaton;740;7881000
Feretti;"Chaton FMS";1020;10863000
СКВ-Компани;Ням-Ням;53;564450
Feretti;Desire;600;6390000
Feretti;"Elegance Dondolo";530;5644500
Perina;"Глория (3 предмета)";37;375700
Feretti;"FMS Elegance";765;8147250
Geoby;208R;114;1214100
Табити;Базовая;25;266250
Табити;"""G"" (Рогалик)";52;553800
Табити;"""Для двойняшек""";62;660300
Табити;"""U""";52;553800
Табити;"""C""";40;426000
Inglesina;"Quad (3 в 1)";1050;11182500
Caretero;Bistro;135;1437750
Caretero;"Spacer Deluxe";133;1416450
Lonex;"Speedy V Light Vogue (2 в 1)";405;4374000
Lonex;"Speedy V Light Ecco (2 в 1)";460;4968000
Lonex;"Sweet Baby (2 в 1)";405;4374000
Lonex;"Sweet Baby 2 (2 в 1)";435;4698000
Lonex;"Classiс Ecсo (2 в 1) (кожа)";455;4914000
Lonex;"Classiс Ecсo (2 в 1) (кожа+мех)";480;5184000
Lonex;"Julia Len (2 в 1)";385;4158000
Lonex;"Julia Ecco (2 в 1)";460;4968000
"Philips Avent";"SCD-480/00 (арт. 8514)";82;873300
"Philips Avent";"SCD-535/00 (арт. 8512)";200;2130000
Peg-Perego;"Walk'n Play";148;1576200
Peg-Perego;"Book Completo ";450;4792500
Peg-Perego;"Book Plus ";585;6230250
Peg-Perego;"Book Completo Modular (3 в 1)";960;10224000
Geoby;"Happy Dino LD399E";89;947850
Peg-Perego;"Pliko Swich Four";496;5282400
Peg-Perego;"Viaggio Duo-Fix TT";380;4047000
Geoby;"С 781";235;2502750
Tako;"Swing Fructis";107;1139550
"Dada Paradiso Group";"Carino Sport (2 в 1)";368;3919200
"Dada Paradiso Group";"Carmelo Design (2 в 1)";460;4899000
"FD Design (ABC Design)";Primo;183;1948950
Quatro;"Lily 2014";117;1246050
Maclaren;"Quest Sport Railroad Stripe";355;3780750
Brevi;Axo;410;4366500
Brevi;"Axo Isofix";536;5708400
Brevi;Kio-S;225;2396250
Papaloni;"Aura 125x65 (маятник)";400;4260000
Lonex;"Carrozza (2 в 1)";370;3940500
Brevi;"Bagnotime Reversible";195;2076750
Brevi;Bubble;100;1065000
Brevi;"Dou Dou";50;532500
Brevi;Goccia;60;639000
Brevi;"Подставка для ванночки Bubble и Goccia";87;926550
Heyner;"Capsula MultiFix ERGO 3D";296;3182000
Camarelo;"Carmela (2 в 1)";375;3993750
Bebetto;"42 (2 в 1)";706;7554200
Brevi;Miou;205;2183250
Feretti;Elite;575;6123750
Feretti;"FMS Elite";770;8200500
Brevi;"Miou Hello Kitty";250;2662500
Brevi;Rider;640;6816000
Ventura;Малыш;58;617700
Brevi;"Crystal (3 в 1)";865;9212250
Adamex;"Champion Alu Len (2 в 1)";324;3450600
Feretti;"Enchant Dondolo";670;7135500
Feretti;"FMS Enchant Dondolo";765;8147250
Feretti;Enchant;650;6922500
Баю-Бай;Зайки;66;702900
Brevi;Crystal;435;4632750
NeoNato;Protector;165;1757250
"Сонный Гномик";"Киска (8 предметов)";240;2556000
Feretti;"Etoile Como";0;0
Feretti;"Etoile Bagnetto ";0;0
Feretti;"Etoile Bliss";885;9425250
Feretti;"FMS Etoile ";1020;10863000
Feretti;"Armadio Etoile";0;0
Feretti;Grandeur;760;8094000
Coneco;Flash;120;1278000
Cam;Nuvola;155;1650750
Adbor;"Arte 3x3 (2 в 1)";0;0
Adbor;"Arte 3x3 ALU (2 в 1)";0;0
Adbor;"S-Line (2 в 1)";363;3865950
Adamex;"Galactic (2 в 1)";385;4100250
Adamex;"Katrina (2 в 1)";375;3993750
Feretti;"Cuscini для дивана-кровати Grandeur ";270;2875500
Feretti;Luxor;700;7455000
Feretti;"Mon Amour";585;6230250
Aneco;"Avinion (2 в 1)";365;3887250
" ";"Грузовичок Мак (7618)";62;660300
" ";"Мини Джип";50;532500
Adbor;"Zipp (2 в 1)";0;0
Adbor;"Marsel Sport (2 в 1)";0;0
Adbor;"Marsel Classic (2 в 1)";0;0
Adbor;"Bartolino (2 в 1)";310;3301500
Adbor;"Bartolino Super B (2 в 1)";322;3429300
Adbor;Joy;0;0
Adbor;Ring;0;0
Adbor;"Piccolino Deluxe";154;1640100
Adbor;"Piccolino Standard";95;1011750
Adbor;"Duo Standard";92;979800
Adbor;"Duo Komplet";160;1704000
Adbor;"Winter Sport";68;724200
Adbor;"Piccolino Komplet";0;0
Adbor;"Piccolino Xdrive";60;639000
Adbor;'Slizgacz;13;138450
Adamex;"Pajero Anoda Eco (2 в 1)";380;4047000
Brevi;"Circus Italia";180;1917000
Brevi;Marathon;165;1757250
Brevi;"Circus Europa";200;2130000
Brevi;Royal;130;1384500
Brevi;"Royal Hello Kitty";148;1576200
Brevi;"Soft & Play - Giramondo";320;3408000
Brevi;"Soft & Play - Green Farm";226;2406900
Brevi;"Soft & Play - Hello Kitty";315;3354750
Brevi;Acqua;265;2822250
Kidboo;"Little Rabbit (3 предмета)";59;628350
Kidboo;"Little Rabbit (7 предметов)";162;1725300
Feretti;Premiere;415;4419750
Feretti;Privilege;600;6390000
Feretti;"FMS Ricordo ";685;7295250
Feretti;Ricordo;482;5133300
Feretti;"Ricordo Dondolo ";560;5964000
Feretti;Savage;470;5005500
Feretti;"FMS Savage ";675;7188750
Feretti;Romance;0;0
Feretti;"Romance FMS";0;0
Chicco;"Simpliscity Plus Top";185;1970250
Graco;"CitiSport Cocoon";130;1384500
"Золотой Гусь";"Консуэло (8 предметов)";260;2769000
Navington;Scooner;240;2556000
Tutek;"Grander Alu (3 в 1)";397;4228050
Papaloni;"Olivia 125x65";650;6922500
Фея;Арена;105;1118250
Papaloni;Maggy;0;0
Papaloni;"Maggy  ";0;0
Papaloni;"Джованни (маятник)";412;4387800
Papaloni;"Фиорентина ";0;0
Papaloni;"Фиорентина (без декора)";0;0
Brevi;"Soft & Play - MondoCirco";261;2779650
Brevi;"Soft & Play - My Little Angel";220;2343000
Brevi;"Soft & Play - White Rabbit";227;2417550
"Золотой Гусь";"Ёжик Топа-Топ (7 предметов) для люльки";82;873300
Bebetto;"Flavio (2 в 1)";448;4793600
"Золотой Гусь";"Эстель (7 предметов) для люльки";92;979800
Brevi;"Dolce Nanna Plus";180;1917000
"Baby Care";"Booster Premium";47;500550
"Baby Care";902;50;532500
Brevi;"Dolce Nanna Plus Hello Kitty";200;2130000
Brevi;"Dolce Sogno";0;0
Brevi;"Millestrade (3 в 1)";750;7987500
Brevi;B.Light;115;1224750
Tako;"City Voyager";200;2130000
Brevi;"Baby Rocker Hello Kitty";172;1831800
Brevi;"Baby Rocker Soft Toys";136;1448400
Юкка;"на коляску для двойни";14;149100
;"Непромокаемые на резинке";16;170400
Brevi;Gaia;175;1863750
Brevi;"Swing'n'Sleep Green Farm";163;1735950
Brevi;"Swing'n'Sleep Blu Sea";172;1831800
Brevi;"Acqua Light";235;2502750
Brevi;"Acqua Light Hello Kitty";265;2822250
Brevi;Atlantis;186;1980900
"Makkaroni Kids";"Волшебная сказка (6 предметов) 120/60";175;1863750
Cam;"Fluido Orsobello (3 в 1)";750;7987500
Aprica;"Magical Air 2014";320;3408000
Aprica;"Magical Air";299;3184350
Aprica;"Magical Air Plus";335;3567750
Aprica;"Air Ria";480;5112000
Navington;Bakista;55;585750
Navington;Stevard;65;692250
Inglesina;Quad;455;4845750
Inglesina;Avio;469;4994850
Brevi;Babidoo;225;2396250
Brevi;Lindo;175;1863750
Brevi;"Lindo Hello Kitty";205;2183250
Brevi;B.Fun;310;3301500
Brevi;Convivio;210;2236500
Brevi;Junior;120;1278000
Brevi;Dinette;98;1043700
Brevi;"Dinette Hello Kitty";119;1267350
Inglesina;"Huggy Multifix SHP (для использования в автомобиле)";75;802500
Inglesina;"Huggy Multifix Izofix (для использования в автомобиле)";200;2130000
Tutis;"Zippy Sport (2 в 1) ";406;4300000
Tutis;"Classic NEW (2 в 1) Ткань";415;4400000
Inglesina;"Galileo I-Fix";315;3354750
Tutis;"Classic NEW (2 в 1) Кожа";452;4800000
Ankras;Zyrafka;65;692250
Tutis;"Zippy New (2 в 1)";490;5200000
Inglesina;" Lodge";200;2130000
Inglesina;Gusto;195;2076750
Tutis;"Zippy New Waves (2 в 1)";537;5700000
Гандылян;"Габриэлла (колесо-качалка)";454;4835100
Tutis;"Zippy Sport (3 в 1)";485;5150000
Tutis;"Zippy Classic New (3 в 1)";519;5500000
Papaloni;"Vitalia (колесо-качалка) 125/65";375;3993750
Tutis;"Zippy Sport Plus (3 в 1)";520;5520000
Tutis;"Zippy Classic New (3 в 1) Кожа";556;5900000
Tutis;"Zippy NEW (3 в 1)";561;5950000
Tutis;"Zippy NEW Waves (3 в 1)";608;6450000
Tutis;"Zippy Silver Plus New (3 в 1)";608;6450000
Tutis;"Zippy Leather New (3 в 1) Кожа";674;7150000
Tutis;"Zippy Pia (3 в 1)";688;7300000
Feretti;Layette;40;426000
Tutis;"Zippy Sport";340;3600000
Дэми;"СУТ 14-02";259;2678400
Camarelo;"Alicante (2 в 1)";385;4100250
Aprica;"Soraria Premium";685;7295250
Дэми;"СУТ 14-01";239;2463600
Дэми;"СУТ 15-04";500;5170800
Дэми;"СУТ 17-04";541;5599200
Дэми;"№3 Всезнайка";68;696800
Плитекс;"Magic Memory (ММР-119-01)";88;907400
Плитекс;"Spase Baby (СПБ-119-01 )";94;969800
Плитекс;"Magic Season (МСС-119-01 )";72;744900
Гандылян;"Тереза (трансформер с маятником)";456;4856400
Kidboo;"Ups Pups (6 предметов)";110;1171500
Kidboo;"Ups Pups (3 предмета)";49;521850
Kidboo;"Blossom Saten Vanilla (7 предметов)";212;2257800
Kidboo;"Blossom Saten Vanilla (3 предмета)";75;798750
Kidboo;"Blossom Linen White (7 предметов)";170;1810500
Kidboo;"Blossom Linen White (3 предмета)";62;660300
Kidboo;"Blue Marine (7 предметов)";165;1757250
Kidboo;"Cupcakes (7 предмета)";160;1704000
Kidboo;"Fluffy Sheep (7 предметов)";165;1757250
Kidboo;"Fluffy Sheep (3 предмета)";58;617700
Kidboo;"Funny Dream (7 предметов)";167;1778550
Kidboo;"Funny Dream (3 предмета)";62;660300
Kidboo;"Honey Bear linen (7 предметов)";170;1810500
Kidboo;"Honey Bear linen (3 предмета)";65;692250
Kidboo;"Honey Bear soft (7 предметов)";0;0
Kidboo;"Honey Bear soft (3 предмета)";0;0
Kidboo;"Little Bear (7 предметов)";160;1704000
Kidboo;"Little Bear (3 предмета)";64;681600
Kidboo;"Little Ducks (3 предмета)";59;628350
Kidboo;"Little Ladybug (7 предметов)";158;1682700
Kidboo;"Little Ladybug (3 предмета)";63;670950
Geoby;"Happy Dino LС360";130;1384500
Kidboo;"Little Pilot (7 предметов)";162;1725300
Kidboo;"Little Pilot (3 предмета)";62;660300
Kidboo;"Little Princess (7 предметов)";162;1725300
Kidboo;"Little Princess (3 предмета)";62;660300
Kidboo;"Lovely Birds (7 предметов)";156;1661400
Kidboo;"Lovely Birds (3 предмета)";63;670950
Kidboo;"Lovely Girls (7 предметов)";156;1661400
Kidboo;"Lovely Girls (3 предмета) ";62;660300
Kidboo;"My Animals (7 предметов)";157;1672050
Kidboo;"My Animals (3 предмета)";63;670950
Kidboo;"Patchwork (7 предметов)";160;1704000
Kidboo;"Patchwork (3 предмета)";60;639000
Kidboo;"Pony Dreams (3 предмета)";62;660300
Kidboo;"Rabitto (7 предметов)";164;1746600
Kidboo;"Rabitto (3 предмета)";60;639000
Kidboo;"Spring Saten (7 предметов)";190;2023500
Kidboo;"Spring Saten (3 предмета)";72;766800
Kidboo;"Teddy Boo (7 предметов)";163;1735950
Kidboo;"Teddy Boo (3 предмета)";62;660300
Kidboo;"Traffic Jam (7 предметов)";164;1746600
Kidboo;"Traffic Jam (3 предмета)";63;670950
Precious;"PC 200";0;0
Kidboo;"Valentine Saten Vanilla (7 предметов)";190;2023500
Kidboo;"Valentine Saten Vanilla (3 предмета)";72;766800
Kidboo;"Dreams (3 предмета)";67;713550
Kidboo;"Dreams (7 предметов) ";175;1863750
"Makkaroni Kids";"Bunny (6 предметов)";175;1863750
"Makkaroni Kids";"Bunny (3 предмета)";74;788100
"Makkaroni Kids";Bunny;95;1011750
"Makkaroni Kids";"Bunny ";62;660300
"Makkaroni Kids";"Toy Kitty (6 предметов)";165;1757250
"Makkaroni Kids";"Toy Rabbit (6 предметов)";165;1757250
"Makkaroni Kids";"Toy Teddy (6 предметов)";165;1757250
"Makkaroni Kids";"Hunny (6 предметов)";210;2236500
"Makkaroni Kids";"Trendy (6 предметов)";206;2193900
"Makkaroni Kids";"Французские узоры";55;585750
"Makkaroni Kids";"Французские узоры (6 предметов)";210;2236500
"Makkaroni Kids";"Французские узоры Евро (7 предметов)";265;2822250
"Bright Starts";"Чудесное озеро 9217";130;1384500
"Makkaroni Kids";"Лунная соната (7 предметов)";0;0
"Makkaroni Kids";"Лунная соната ";50;532500
"Makkaroni Kids";"Тедди (7 предметов)";245;2609250
"Makkaroni Kids";"Тедди (6 предметов)";179;1906350
"Makkaroni Kids";"Тедди (3 предмета)";0;0
"Makkaroni Kids";Тедди;0;0
"Makkaroni Kids";"Тедди ";73;777450
"Makkaroni Kids";"Simplicity (3 предмета)";0;0
"Makkaroni Kids";"Simplicity (2 предмета)";0;0
Navington;"для всех колясок Navington";30;319500
Kitan;Lama;82;865100
Kitan;Pony;122;1287100
Kitan;Panda;122;1287100
Kitan;"Lemur (2 в 1)";159;1677450
Kitan;Lion;163;1719650
Kitan;Jay;32;337900
Kitan;Snipe;65;685750
Anmar;"Maseratti (2 в 1)";380;4047000
Kitan;Roller;94;991700
Anmar;"Espace Lux (2 в 1)";435;4632750
Kitan;Karinex;99;1044450
Kitan;Lynx;40;422000
Kitan;Snail;49;516950
Kitan;Fly;67;706850
Kitan;Monkey;72;759600
Kitan;Butterfly;65;685750
"Островок уюта";Виола;272;2896800
Espiro;Mokka;0;0
"Makkaroni Kids";Ажурный;58;617700
"Makkaroni Kids";Жемчужина;74;788100
"Makkaroni Kids";Классический;87;926550
"Островок уюта";Вояж;265;2822250
"Островок уюта";"Вояж ";165;1757250
"Островок уюта";Ля-Мур;272;2896800
"Островок уюта";"Ля-Мур ";165;1757250
"Островок уюта";Розали;272;2896800
"Островок уюта";"Розали ";165;1757250
Verdi;"Treg (Pepe Eco) (3 в 1)";423;4504950
Verdi;"Eliz (Macan) (3 в 1)";400;4260000
Verdi;"Eliz (Macan) (2 в 1)";345;3674250
Verdi;"Stars Lux (3 в 1)";435;4632750
Verdi;"Stars Lux (2 в 1)";379;4036350
Verdi;"X-Space (2 в 1)";285;3035250
Verdi;"X-Space (3 в 1)";342;3642300
Verdi;"X-Space Len (2 в 1)";300;3195000
Verdi;"X-Space Len (3 в 1)";355;3780750
Verdi;"Merc Q Vipo (3 в 1)";375;3993750
Verdi;"Merc Q Vipo (2 в 1)";315;3354750
Canpol;"""Локомотив""";0;0
Canpol;"""Божья коровка""";0;0
Canpol;"""Цветной океан""";0;0
Verdi;"Zipy VIP Classic (2 в 1)";367;3908550
Verdi;"Zipy VIP Classic (3 в 1)";422;4494300
Verdi;"Zipy Vip (2 в 1)";372;3961800
Verdi;"Zipy Vip (3 в 1) ";426;4536900
Гандылян;"Габриэлла (маятник)";515;5484750
Giovanni;Prima;306;3258900
Giovanni;Aria;499;5314350
Peg-Perego;"Boot Pliko Mini";38;404700
Verdi;"Fio Eco-Line (3 в 1)";625;6656250
Verdi;"Fio Eco-Line (2 в 1)";564;6006600
Verdi;"Futuro (2 в 1)";340;3621000
Verdi;"Futuro (3 в 1)";393;4185450
Verdi;"Fio (2 в 1)";357;3802050
Verdi;"Fio (3 в 1)";420;4473000
Verdi;"Fio S-line (2 в 1)";419;4462350
Verdi;"Fio S-line (3 в 1)";474;5048100
Verdi;"Sonic (3 в 1)";323;3439950
Verdi;"Max (3 в 1)";310;3301500
"Bright Starts";"Bright Starts Улитка 6909";125;1331250
Verdi;"Lider (2 в 1)";353;3759450
Verdi;"Lider (3 в 1)";419;4462350
Verdi;"Futuro F-Line (3 в 1)";479;5101350
Verdi;"Futuro F-Line (2 в 1)";395;4206750
Verdi;"Zipy (2 в 1)";337;3589050
Verdi;"Zipy (3 в 1)";392;4174800
" ";Carlo;75;798750
Verdi;"Zipy Classic (2 в 1)";337;3589050
Verdi;"Zipy Classic (3 в 1)";392;4174800
"Bertoni (Lorelli)";Кря-Кря;5;53250
Verdi;"Merc Q8 (3 в 1)";336;3578400
Verdi;"Merc Q8 (2 в 1)";295;3141750
Verdi;"Merс Q7 Classic (3 в 1)";0;0
Verdi;"Merс Q7 Classic (2 в 1)";0;0
"Bertoni (Lorelli)";Explorer;68;727600
"Bertoni (Lorelli)";"Magic Premium";119;1273300
"Bertoni (Lorelli)";Navigator;70;749000
"Bertoni (Lorelli)";Bear;35;374500
"Bertoni (Lorelli)";Duck;35;374500
"Bertoni (Lorelli)";Happy;50;535000
"Bertoni (Lorelli)";Locomotive;57;609900
"Bertoni (Lorelli)";Car;58;620600
"Bertoni (Lorelli)";Z2;32;342400
"Bertoni (Lorelli)";"Сhill Out";77;823900
Feretti;"Air Teddy";130;1384500
Chicco;"Polly Swing Up";214;2279100
Mikrus;"Для двойни";0;0
Mikrus;Универсальная;0;0
Mikrus;"С амортизацией (с конвертом)";0;0
Mikrus;"Baranie Rogi";0;0
"Philips Avent";"8278 для микроволновой печи";32;340800
Navington;"Для колясок Galeon и Caravel";50;532500
Лель;"Лютик АБ 15.4";292;3109800
Лель;"Ромашка АБ 16.4";302;3216300
Лель;"Жасмин АБ 19.4";345;3674250
Лель;"Лаванда АБ 21.4";400;4260000
Лель;"Лилия АБ 17.4 Люкс ";388;4132200
Лель;"Камелия АБ 23.4";345;3674250
Лель;"Ландыш БИ 07.4 ";440;4686000
Лель;"Маргаритка БИ 08.4";506;5388900
Лель;"Василек БИ 09.4";325;3461250
Лель;"Василек БИ 09.3";301;3205650
Лель;"Василек БИ 09.1";0;0
Лель;"Азалия БИ 10.4";470;5005500
Лель;"Азалия БИ 10.3";450;4792500
Лель;"Азалия БИ 10.1";0;0
Лель;"Азалия БИ 10.0";0;0
"Philips Avent";"SCD-570/00 (85167)";155;1650750
"Philips Avent";SCD-580/00;175;1863750
"Philips Avent";"Express 8137 (электрический)";95;1011750
"Philips Avent";"SCF-355/00 (82050)";72;766800
Babypol;"""Забавный динозаврик""";70;745500
Антел;"Алита - 3 (Трансформер)";192;2044800
Антел;"Ульяна-3 (Трансформер)";184;1959600
Riko;Racer;223;2374950
Joie;Litetrax;230;2449500
" ";"Formula-1 ";0;0
Concord;Ultimax;350;3727500
Concord;"Lift Protect";160;1704000
" ";"""Комета""";0;0
Concord;Trimax;160;1704000
" ";"Снежная звезда (со спинкой)";0;0
" ";"Минилыжи Детские (длина 64 см)";0;0
" ";"Снежная звезда (без спинкой)";0;0
" ";Снеголет-Н;0;0
" ";"Снежный скат";0;0
" ";Тобоган;0;0
" ";Снеголет;0;0
" ";"СНЕГОЛЕТ Скоростно";0;0
" ";"Набор Для ВСЕЙ СЕМЬИ";0;0
